cell_name,frxn_cell.type_Path1.Term,frxn_cell.type_Path2.Term,frxn_cell.type_Path3.Term,Lagrangian,Error
Cell25,0.02356918858601,-2.58649204885727e-18,0.97643081141399,1847.3124644342,3771.78814838563
Cell40,0.383122008157756,0.302403232697413,0.314474759144832,1217.7212496435,3811.7785772594
Cell117,0.0658748236555819,0,0.934125176344418,1364.5822246637,3476.86712983417
Cell137,0.352232110665902,0.330826206199595,0.316941683134503,1873.32352617296,4418.02580076385
Cell193,0.0538968972137947,0.933850017867947,0.0122530849182584,1000.25275353574,2967.03400618803
Cell253,0.366784634466275,0.290502141195575,0.34271322433815,1267.98193606565,3928.71234851694
Cell288,0.348881608408492,0.334351780379841,0.316766611211667,1062.10728673798,3695.97443463982
Cell298,0.0567618635184409,0.943238136481559,0,1489.50185463994,3481.9373352299
Cell360,0.335368218765513,0.351460118040537,0.31317166319395,930.504914781315,3441.91570043349
Cell374,0.00500988293436803,0.933109704438783,0.0618804126268485,1496.10070227132,3433.75060734953
Cell378,0,0.0218452411368858,0.978154758863114,1034.62662224434,2848.42654201247
Cell446,0.333714830069577,0.326534728367856,0.339750441562566,1429.27552772976,4072.5080759548
Cell523,0.36604393385599,0.322474154081274,0.311481912062736,1177.54275411605,3718.78779604232
Cell574,0.0331272282015251,0.00361248502159818,0.963260286776877,1566.59877051326,3550.32626433045
Cell581,0.348357867838814,0.318241012829603,0.333401119331584,1499.59129174467,4009.07659474106
Cell654,0.383802217134803,0.30785011443323,0.308347668431967,1519.68921705444,4096.20398940792
Cell775,0.00757892725851168,0.00921926235583668,0.983201810385652,1084.34088837469,2965.69197273335
Cell813,0,0.905654044428496,0.094345955571504,1348.07178827987,3369.81074573292
Cell887,0.346062931513056,0.309480721143246,0.344456347343698,1599.48777613964,4087.29263131827
Cell968,0.366952742019235,0.356421331282307,0.276625926698458,1247.10096900136,3816.70246499645
Cell1024,0.0383538776299357,0.92673315121146,0.0349129711586039,1319.31738098156,3376.02984384712
Cell1035,0.371596967133481,0.29689059421601,0.331512438650509,1202.56486174325,3800.52860868126
Cell1057,3.33582931676887e-05,0.941725948005372,0.0582406937014598,1556.84889029154,3461.12224630989
Cell1084,1,0,-8.67361737988404e-19,1369.45384646434,3373.17271573174
Cell1109,0.392544844333427,0.325293640117013,0.28216151554956,1522.16351629322,4172.08978506715
Cell1171,0.358479677324042,0.359846386663653,0.281673936012305,1519.07511254768,4054.81809431217
Cell1206,0.370616135515741,0.312060098497563,0.317323765986695,1213.99051949341,3760.52323226773
Cell1423,0.377127126272863,0.291852906524797,0.33101996720234,1279.47195275847,3843.98265090857
Cell1442,0.36012239910923,0.360870686376731,0.279006914514039,1777.53555402977,4399.03637235595
Cell1456,0.342042313118116,0.35868820941536,0.299269477466524,1183.41387300268,3721.9969540075
Cell1522,0.366279224987881,0.322628127926318,0.311092647085801,1121.78340708714,3768.52703290382
Cell1592,0.375382704665369,0.331507725353674,0.293109569980956,1299.66169654286,3801.73838850458
Cell1611,0.0344181250239678,0.936762918709824,0.0288189562662083,1007.06397590951,3016.46310604945
Cell1631,0.399557476692502,0.301012144192313,0.299430379115185,1335.07204547933,3918.71183472863
Cell1665,0.96709065047227,0.0191453174327701,0.0137640320949597,1179.62690481989,3324.49902632244
Cell1692,0.348052744512608,0.343948854793892,0.3079984006935,1453.71530426383,4075.36613293782
Cell1757,0.0129221055618871,0.0345536325291108,0.952524261909002,1383.57198993395,3269.96188289329
Cell1783,0.0729345866059505,0.917044662391099,0.0100207510029508,1101.43752194147,3107.05982143736
Cell1796,0.341687170544451,0.337352868094646,0.320959961360903,1322.07897689159,3920.24279971135
Cell1834,0.00616263853154711,0.947199425583613,0.0466379358848398,1144.91325434963,3152.68926295762
Cell1858,0.0371850926626544,0.931967149452112,0.0308477578852341,1252.74050903088,3181.8615244735
Cell1871,0.364406397662788,0.298845915833573,0.336747686503639,1781.30978627832,4271.00388844952
Cell1894,0.345973561942097,0.3717949316934,0.282231506364504,902.432874420325,3359.96664289864
Cell1921,0.350001523110367,0.340622823088083,0.30937565380155,1596.44880737199,4111.14440415608
Cell1931,0.0515935492883673,0.891942567536797,0.0564638831748361,1179.99319688899,3388.84340230278
Cell1937,0.340137690099218,0.350880368248059,0.308981941652723,1511.5797226045,4047.51847099986
Cell1949,0.000177030171893265,-2.26159777236791e-18,0.999822969828107,1615.26796739146,3560.21059172399
Cell2032,0.0358594589917372,0.946072197588696,0.0180683434195663,1492.56789923467,3548.66558489653
Cell2043,0.338343677926523,0.368277477228083,0.293378844845394,1046.96131869135,3557.0828113329
Cell2044,0.345780366760539,0.325084769976048,0.329134863263414,1259.68431731993,3773.22022900532
Cell2125,0.342370192694922,0.373209796419365,0.284420010885713,1539.77249556533,4122.95330257616
Cell2152,0.0124330854388949,0.0206242108502038,0.966942703710901,1797.29664287425,3806.15139665155
Cell2158,0.361438587877759,0.345381832106037,0.293179580016204,1367.01912791879,3914.48549454614
Cell2243,0,0.971165337158463,0.0288346628415373,1389.98965629,3416.99608084181
Cell2308,0.0409433267619376,0.938335332250996,0.0207213409870666,1157.52338125258,3184.8570435101
Cell2321,0.342389435597196,0.340412079280439,0.317198485122365,1304.24726688412,3945.75254318298
Cell2352,0.333648263989152,0.356689454453001,0.309662281557847,1084.27597895277,3637.44787001567
Cell2359,0.369139751291233,0.331509715444574,0.299350533264193,924.389252946943,3502.96442092012
Cell2375,0.33534362700681,0.363901815551049,0.30075455744214,1108.36618481165,3720.61936588037
Cell2479,0.347891653921148,0.363203427608022,0.28890491847083,1618.82983461576,4199.04035123498
Cell2527,0.0488171104438723,0.951182889556128,0,1410.45807003084,3445.13917806303
Cell2543,0.00281972338386286,0.949602637791386,0.0475776388247517,1082.47499602955,3071.156303141
Cell2626,0.996665488047302,0,0.00333451195269797,1461.94669189596,3426.33447126433
Cell2653,0.357146361050377,0.320555769189176,0.322297869760447,1457.23755121334,4025.52126299916
Cell2672,-8.67361737988404e-19,1,-2.57098194603537e-18,1790.75434783976,3776.01305768842
Cell2692,0.320213382740075,0.355228187879058,0.324558429380867,1446.71698072379,3982.91171335879
Cell2743,0.980513744670165,0.00971434809890244,0.00977190723093231,1296.76758499132,3343.48443545054
Cell2759,0.375743929374013,0.325086643493525,0.299169427132462,1604.99773072107,4119.3061867908
Cell2951,0.0285494214294811,0.971450578570519,0,1220.73088848107,3125.17406171058
Cell3021,0.0450027959260261,0.917677020126608,0.0373201839473664,1082.30649483651,3127.02573112676
Cell3022,0.367601726318458,0.325302329733785,0.307095943947756,1127.72633526406,3610.99403326313
Cell3072,0.396522620293105,0.30062612264773,0.302851257059165,1438.73808529331,4073.69460938615
Cell3187,0.355675075361724,0.335634264800797,0.308690659837479,1509.1342690194,4105.18703992261
Cell3203,0.373416231938948,0.311481797113069,0.315101970947983,1128.41122148885,3676.44827185001
Cell3211,0.401360783008972,0.283642701910449,0.314996515080579,1209.00039993398,3824.79642480429
Cell3237,0.00170121219008802,0.932171090455796,0.0661276973541158,1488.5881714551,3584.30346552825
Cell3244,0.376163636105525,0.339190776922324,0.284645586972151,1177.29421076784,3790.15478720256
Cell3249,0.986223623993965,0,0.0137763760060348,1413.9700858909,3340.3173422265
Cell3251,0.367952637255068,0.343013051360601,0.289034311384331,1526.3915973624,4019.83032994585
Cell3316,0.0178396492625065,0,0.982160350737494,1732.15641046885,3778.51095799634
Cell3320,0.364588472135269,0.363819228264914,0.271592299599817,1232.67857617071,3880.29594447299
Cell3366,0.0367065773222499,0.0422741286909914,0.921019293986759,1754.17266339584,3803.62845099232
Cell3370,0.365513215506879,0.310440552394554,0.324046232098568,1068.17544815207,3590.43197816048
Cell3410,0.0303280539730167,0,0.969671946026983,1296.90502451976,3374.935007851
Cell3453,0.00507751276389262,0.0197349326121711,0.975187554623936,1362.597230318,3453.73071210792
Cell3509,0.364489896493414,0.316808930467418,0.318701173039168,1613.34391464162,4102.12556947163
Cell3549,0.00898367228585113,0,0.991016327714149,1319.97121231764,3203.13793376239
Cell3565,0.0511824681390662,0.00264604024736724,0.946171491613567,1627.62128583861,3723.12984946171
Cell3629,0.987619275396979,0,0.0123807246030205,1452.5740602402,3339.06874312673
Cell3664,0.354201849246371,0.353518869332852,0.292279281420777,1258.64795128033,3732.32616561782
Cell3692,0.346208590476567,0.351404288123866,0.302387121399567,936.886353013284,3478.42335853174
Cell3747,0.000633909441597798,0.0387003712361938,0.960665719322208,1335.33485000363,3296.9479226088
Cell3828,0.345093133709372,0.326710894598687,0.328195971691941,1288.19915230438,3808.21855623
Cell3886,0.359086738014789,0.285352579537821,0.35556068244739,1487.25867151231,4097.54772743364
Cell3889,0.337551362667575,0.340466361298689,0.321982276033736,1045.93241310867,3663.66021852112
Cell3927,0.372813219949231,0.338952090025437,0.288234690025332,1521.86685627931,4112.84058091138
Cell3947,0.0390035554759719,0.0375760316581805,0.923420412865848,1474.23422110065,3477.28914114023
Cell4041,0.347371635294559,0.340952532532341,0.3116758321731,1052.48847941518,3591.0577399424
Cell4049,0.0398949028203794,0.923042470543784,0.0370626266358369,1933.76378346457,3939.10673518788
Cell4055,0.315123315244238,0.38471925699942,0.300157427756341,1193.95569071106,3692.17397349824
Cell4071,0.0486905981399298,0.914110480621637,0.0371989212384333,1346.51548499416,3323.44246557459
Cell4080,0.0129737226036676,0.0393661755664507,0.947660101829882,1429.6142964107,3383.18374844695
Cell4099,0.379779470212892,0.320118092086868,0.30010243770024,1356.01565884484,3819.23799446991
Cell4191,0.0329716781464248,0.967028321853575,0,1299.315292398,3275.76760935514
Cell4207,0.339703801955822,0.34260753352305,0.317688664521129,1273.91623085332,3767.34675571108
Cell4211,0.357765870349334,0.313626960911222,0.328607168739443,1322.97270338653,3949.16877007962
Cell4221,0.359344660666706,0.321218763001951,0.319436576331343,1714.81166852591,4329.25201045915
Cell4237,0.00656622812418953,0.965267389367688,0.0281663825081231,1465.42100590182,3518.11487987996
Cell4240,0.362345882438106,0.324457990395714,0.31319612716618,1581.96287825762,4117.15718251292
Cell4242,0.362718207177401,0.322236895534069,0.31504489728853,1326.49356810349,3886.53413812794
Cell4318,0,0.94310005383016,0.0568999461698395,1181.03619698731,3087.61792501389
Cell4349,0.348825283850856,0.350344473670322,0.300830242478822,1325.43353698974,3948.39047762901
Cell4363,0.0426242800160025,0.955881971236123,0.00149374874787438,1679.96001934124,3624.46592616464
Cell4367,0.97050474278254,-1.86217502816884e-18,0.0294952572174598,1329.99409065039,3325.82622404377
Cell4383,0.354967285818491,0.392273140458001,0.252759573723508,1328.02024831116,3984.23267847249
Cell4413,0.309901456837019,0.387566102513471,0.30253244064951,1613.13220628949,4277.63294857319
Cell4420,0.334561976667407,0.321599803390342,0.343838219942252,1351.9296673366,3931.17296088279
Cell4452,0.345387047460876,0.349226370877598,0.305386581661527,1354.92870140559,3877.83934427603
Cell4465,0.351230004730326,0.351564022807567,0.297205972462107,1436.73869262474,3916.17306156395
Cell4542,0.366333575755401,0.328116838259202,0.305549585985397,1188.33551130182,3742.11297651865
Cell4549,0.36784039713917,0.35998567863142,0.27217392422941,1765.53055538316,4358.41198589938
Cell4595,0.34106352114567,0.351226937367319,0.307709541487011,1009.01074455906,3532.21807203317
Cell4674,0.326273885799778,0.357309520738197,0.316416593462025,1439.42521710297,4060.06967938009
Cell4680,0.349281515071373,0.324923413961708,0.325795070966919,1057.71372297891,3608.99066868966
Cell4732,0.360566808622127,0.315284657343002,0.32414853403487,1726.84446850924,4302.65886876918
Cell4748,0.356417786749323,0.354754581964711,0.288827631285966,1502.58346061934,4051.63131815985
Cell4809,0.330614032919317,0.391227730535121,0.278158236545562,911.869791431534,3510.87234159525
Cell4855,0.0168230420677628,0.948408367141464,0.034768590790773,1303.45767470213,3288.8096607595
Cell4895,0.34959105392241,0.357618492996313,0.292790453081277,803.284624382234,3337.68031761036
Cell4908,0.342693024774193,0.343579075428662,0.313727899797145,1276.87922382849,3878.18265072703
Cell4932,0.0291877785710595,0,0.97081222142894,1436.42058316031,3367.75203638464
Cell4935,0.357839591260259,0.312025667775081,0.330134740964659,1241.83813733068,3865.52410379709
Cell4963,0.0153943766490006,0.0227552361508837,0.961850387200116,1691.5023215327,3700.15572349509
Cell4988,0.371718377336573,0.345690061044344,0.282591561619083,1586.65549236027,4100.40854662258
Cell5017,0.36442152537111,0.329167925472168,0.306410549156721,1649.43629919328,4187.86974880149
Cell5036,0.045048522996919,0.904481461594811,0.0504700154082705,1383.77253013908,3390.46409278144
Cell5065,0.04391230451388,0.941886510314827,0.0142011851712927,1317.43082436923,3343.51606665242
Cell5171,0.352883748871757,0.341746403726573,0.30536984740167,1169.51891510699,3714.31595645735
Cell5215,0.022734335191692,0.919656464276407,0.0576092005319011,1089.27112336808,3116.97593044438
Cell5226,0.34783745575863,0.394335749097949,0.257826795143421,1347.26446687258,3971.40077728007
Cell5257,0,0.0143716440939775,0.985628355906022,1615.99905398161,3522.18773671353
Cell5276,0.339756433943929,0.322522853805486,0.337720712250584,1498.25596218097,4014.35037604763
Cell5283,0.388844914807409,0.352402531029687,0.258752554162904,1668.23005098704,4211.2587302369
Cell5312,0.0685538159826043,0.931446184017396,0,1328.57995219205,3338.22674099782
Cell5317,0.362650441380004,0.328457233448378,0.308892325171618,1322.23009940803,3913.89246701955
Cell5343,0.337094952892369,0.384261410732266,0.278643636375365,1721.09521046777,4224.48646689282
Cell5354,0.359658425317718,0.315275629409475,0.325065945272807,1259.84015290255,3800.25832647089
Cell5358,0.361442802796531,0.32722801589387,0.3113291813096,1211.03077716473,3770.4683832437
Cell5412,0.328841584249931,0.347804127990982,0.323354287759088,1094.33331618447,3567.32535592249
Cell5432,0.367968345706736,0.329868415695774,0.302163238597489,1376.97859550096,3987.88218498114
Cell5455,0.34588513554206,0.356809821638256,0.297305042819684,1325.30360943667,3880.29705912554
Cell5666,0.35068751335078,0.345765578388075,0.303546908261145,1186.35024087156,3707.66491737151
Cell5677,0.0227954605200953,0,0.977204539479905,880.954269188021,2651.86754394027
Cell5727,0.348674986416909,0.344097939429971,0.307227074153121,1485.66764462671,3949.9629820464
Cell5732,0.371703160993136,0.336344950913842,0.291951888093022,1307.02972316184,3801.32336074086
Cell5783,0.412061570286528,0.29492730756659,0.293011122146883,1246.20727448101,3816.68834001968
Cell5912,0.352400145253183,0.309342731458302,0.338257123288514,1323.93886438426,3879.52643807481
Cell29,0.392343590253114,0.279728801830437,0.327927607916449,478.994224948627,3124.1339931985
Cell42,0.335086728811875,0.355007196192415,0.30990607499571,1227.29389491854,3835.39187232378
Cell47,0.35074469816025,0.365701537289422,0.283553764550328,567.697487280649,3149.86074961992
Cell50,0.396829580397765,0.296414233244799,0.306756186357435,901.73515236825,3608.41674238839
Cell70,0.341491717835425,0.348810623682009,0.309697658482566,827.246726514442,3507.53337768904
Cell71,0.359916247935727,0.364849111668354,0.275234640395919,1047.02377083514,3778.38111735713
Cell87,0.472828488261725,0.252209666891391,0.274961844846885,1010.47016285559,3614.17746482337
Cell107,0.37660087852596,0.309549623076578,0.313849498397461,705.124235965273,3461.37395168604
Cell126,0.371496838726144,0.323379017345551,0.305124143928305,638.703415046394,3266.2151134814
Cell134,0.368868868223648,0.365842856748744,0.265288275027609,1329.11187917029,4017.90623299772
Cell302,0.378298578717378,0.332523259503042,0.28917816177958,1055.81305834506,3693.41769190762
Cell331,0.387642879188961,0.331748679264305,0.280608441546734,711.98405742063,3338.74121007831
Cell333,0.398802963758859,0.326931617111529,0.274265419129613,504.801975711814,3117.54359411208
Cell341,0.332015228806811,0.369011267845533,0.298973503347655,826.470449544472,3545.96775953045
Cell348,0.349673632326635,0.334751330389796,0.315575037283569,1267.14057398379,4000.45969573027
Cell352,0.438887714043272,0.292323945561861,0.268788340394867,731.845138094583,3338.54470058255
Cell357,0.360415745027956,0.338401648918996,0.301182606053048,568.334404409073,3192.36747966203
Cell393,0.365408481799255,0.321361854541129,0.313229663659617,970.705650848456,3554.02385744535
Cell400,0.411860138264195,0.291683501081045,0.296456360654759,1090.63844351861,3833.20447096162
Cell427,0.350700069475851,0.299170320147338,0.350129610376811,727.847270938478,3396.65710660919
Cell451,0.430067679544763,0.284941344999543,0.284990975455694,797.010509122331,3441.2763490236
Cell460,0.333464990294315,0.358189348959546,0.308345660746139,659.168295387774,3314.78727098399
Cell480,0.349875359126272,0.340005379142937,0.310119261730791,716.003351813696,3308.19380496676
Cell499,0.453033496407294,0.262164102730342,0.284802400862364,812.474940809083,3460.44751405555
Cell529,0.359664054307853,0.303404731051785,0.336931214640362,1035.37991297899,3692.65889697478
Cell530,0.383485983683647,0.32305411359375,0.293459902722603,1004.50953376336,3629.33221892211
Cell531,0.36131810763235,0.324563651452901,0.314118240914749,1417.45592527526,4073.41145085425
Cell534,0.424064400336269,0.275145398221996,0.300790201441735,994.726008156656,3637.74621180183
Cell579,0.339855201412871,0.33113382875456,0.329010969832568,942.925917921017,3590.61888218618
Cell580,0.363363604590218,0.34552834543456,0.291108049975222,472.889421076046,3090.25197976571
Cell585,0.306855076330011,0.398119909664199,0.29502501400579,654.452673906346,3268.56951144116
Cell590,0.412309055591922,0.275076845586534,0.312614098821544,649.46201689025,3327.58966581883
Cell608,0.3598955070478,0.348511111219202,0.291593381732998,1098.90319419077,3769.30095684297
Cell662,0.419186174712689,0.280387818929818,0.300426006357494,1203.3748561394,3851.64404447063
Cell715,0.431038063636646,0.266616019191229,0.302345917172125,830.99788223243,3498.37920595974
Cell742,0.328049945166,0.362887526914655,0.309062527919345,565.789305249499,3248.09133416535
Cell766,0.36113432811412,0.339293245508478,0.299572426377402,919.826103519874,3584.49438990125
Cell793,0.441020479345425,0.272397334383594,0.286582186270981,1300.19996157311,4038.01745731133
Cell795,0.41384473736341,0.285147360178036,0.301007902458554,1249.00618525504,3924.31790512774
Cell804,0.365726480826472,0.338350969705653,0.295922549467875,635.788308803158,3232.18918044468
Cell809,0.347474444929716,0.398174982877852,0.254350572192433,1206.5168376796,3938.87976384617
Cell828,0.381506531849681,0.344809787286738,0.273683680863581,831.668775077454,3324.71205224791
Cell862,0.352359653832449,0.33523146329642,0.312408882871131,754.458128564153,3418.84933308213
Cell867,0.454591394799177,0.274623304807401,0.270785300393422,1112.03016081077,3765.87431962323
Cell868,0.39218663143847,0.326876356921931,0.280937011639599,589.37817126707,3240.33865940112
Cell888,0.355084650586458,0.328918108812144,0.315997240601398,465.263991725339,3087.05950352337
Cell904,0.333252463764709,0.336839720084989,0.329907816150302,533.918794732599,3131.01477646999
Cell905,0.342033349280953,0.340523984901324,0.317442665817723,1117.80771833797,3744.67819302401
Cell930,0.358234836165225,0.353278367910947,0.288486795923828,799.645621664674,3399.17313841313
Cell936,0.363888099589005,0.303246736116757,0.332865164294238,632.705185473802,3196.00321756362
Cell951,0.449051025735758,0.281040352360972,0.26990862190327,1215.40566846231,3855.60739845731
Cell952,0.387948189710539,0.30688776226002,0.305164048029442,1258.34703082859,4014.31970279093
Cell969,0.350055943599023,0.357341235565196,0.292602820835781,841.074851706494,3594.88356988215
Cell990,0.330128863600238,0.326907568928283,0.342963567471479,1154.19369262641,3826.26751275965
Cell1000,0.443889400719102,0.272184674456859,0.283925924824039,951.610429102002,3491.51778736607
Cell1017,0.401567434016364,0.291837875273604,0.306594690710032,886.350205933289,3462.40009655532
Cell1065,0.322515549369493,0.391139121203483,0.286345329427023,560.949210413884,3206.88341404229
Cell1071,0.387864381206338,0.320942130706851,0.291193488086811,772.18116688264,3534.70565721556
Cell1090,0.395717225162754,0.326831415492762,0.277451359344484,1009.33098864959,3607.45619577184
Cell1095,0.370345786179004,0.341199805607714,0.288454408213282,1005.58417648628,3642.56305251368
Cell1104,0.447043108955328,0.271316491828745,0.281640399215928,807.839703744688,3500.27198951393
Cell1105,0.337977432658781,0.388542966489072,0.273479600852148,776.437048486401,3465.14602161191
Cell1145,0.382575170971854,0.295515116418682,0.321909712609464,553.672151650271,3194.67157734601
Cell1156,0.328463639141378,0.389475504829688,0.282060856028934,434.276724437697,2928.92467838213
Cell1231,0.330174585302689,0.376028503595857,0.293796911101454,827.292045084003,3482.46176490904
Cell1269,0.418987232061825,0.286550318622988,0.294462449315186,659.53771520375,3439.17434799189
Cell1280,0.362963398578542,0.321463728126205,0.315572873295253,793.75779954428,3390.49527646993
Cell1315,0.351188524084704,0.327503244329014,0.321308231586282,654.696215048295,3237.39152606136
Cell1348,0.39542588842176,0.342231377220702,0.262342734357537,1716.84253294528,4369.09694862957
Cell1349,0.348810399001892,0.3867408534432,0.264448747554908,802.967018920631,3531.03550990056
Cell1356,0.321435161107889,0.409505429340426,0.269059409551685,1110.01220439004,3779.07892071389
Cell1468,0.366434210940034,0.311605687290033,0.321960101769933,588.043484820295,3167.44212222561
Cell1508,0.387215854041826,0.31811869408852,0.294665451869654,631.142854689444,3258.90286949016
Cell1553,0.422443616818737,0.274381395320911,0.303174987860351,917.220754931462,3659.11183782938
Cell1560,0.429893568647357,0.282921798805515,0.287184632547128,719.70621572296,3390.09310725358
Cell1593,0.402947842496237,0.31300447398626,0.284047683517503,572.267603863025,3196.60865008049
Cell1601,0.321368158424851,0.389905220942158,0.288726620632991,1089.2470941201,3692.14150982267
Cell1617,0.435812198161883,0.299284712053254,0.264903089784863,509.769609181803,3092.64814551205
Cell1641,0.367011002329779,0.300773755184155,0.332215242486066,1223.62813221098,3829.92171698688
Cell1655,0.362078109675362,0.314906649704359,0.323015240620279,1220.43574715007,3951.9255154112
Cell1662,0.342615384798706,0.331342996182995,0.326041619018299,481.626776339911,3006.39673449864
Cell1686,0.337522084404667,0.392107346160127,0.270370569435206,636.122359979541,3442.70297390062
Cell1690,0.408482955770101,0.319521892847333,0.271995151382566,1000.01603286571,3584.84099762802
Cell1711,0.349957553764846,0.368415783146422,0.281626663088732,814.95513669262,3443.84612355303
Cell1726,0.401954653243242,0.283036876503757,0.315008470253001,867.603597582723,3501.83801258614
Cell1727,0.401467529935726,0.312184290774333,0.286348179289941,858.23897217561,3450.72470479593
Cell1733,0.341897134404487,0.337308981264563,0.32079388433095,1122.34828028231,3887.53830829416
Cell1777,0.432357506098627,0.290944847158849,0.276697646742524,605.124506404718,3234.61842173323
Cell1782,0.331036125848593,0.356538530945465,0.312425343205942,852.059194773123,3473.54139183531
Cell1789,0.339576529375932,0.340740610145116,0.319682860478952,536.255801269258,3288.19224456736
Cell1803,0.408623887420891,0.278854309782498,0.312521802796611,837.388327350909,3540.04363180366
Cell1819,0.40613766385315,0.303255158615968,0.290607177530881,1122.35019311267,3814.72336263693
Cell1876,0.370078534270427,0.344642959965845,0.285278505763728,635.168406140104,3221.06246572536
Cell1890,0.332984407248928,0.36403235500473,0.302983237746342,858.481085399177,3509.69665955165
Cell1909,0.434965675165849,0.269840065806872,0.29519425902728,965.72375230668,3572.303231691
Cell1929,0.395440952817366,0.335207515924145,0.269351531258489,818.097209747247,3382.66193446415
Cell1975,0.324995497990385,0.376811864233523,0.298192637776093,807.127414859552,3467.93075605975
Cell2004,0.38704896077817,0.311461718630527,0.301489320591302,597.954379909741,3249.06801956564
Cell2012,0.375372257969986,0.33282464318937,0.291803098840643,766.222499529727,3436.06084275451
Cell2031,0.380172343320237,0.32134885917075,0.298478797509013,926.787807760409,3482.73843639491
Cell2034,0.343214870204038,0.324623246495173,0.332161883300789,1039.63185722096,3775.136856131
Cell2042,0.354487879433485,0.39731526437478,0.248196856191734,412.603956314835,3072.46874347568
Cell2062,0.388622284168298,0.333884404960055,0.277493310871647,863.658717784097,3456.56274005252
Cell2070,0.326148346113756,0.324005317500296,0.349846336385947,874.246513426568,3544.77865848852
Cell2074,0.365002173709989,0.306919581650771,0.328078244639241,1022.77826442123,3694.47311491359
Cell2083,0.444756114756019,0.282375296313488,0.272868588930492,809.779807273024,3412.98908127924
Cell2087,0.377287041993434,0.320023851590314,0.302689106416253,750.570656409365,3390.76568958895
Cell2128,0.388588427805837,0.26936419377219,0.342047378421972,735.156349615565,3405.72454322856
Cell2159,0.376640078763613,0.298531295499301,0.324828625737086,770.287040807953,3449.00503585454
Cell2194,0.358271387783216,0.343164597928188,0.298564014288596,541.430357588307,3180.28947382575
Cell2251,0.363515996353725,0.358077904869814,0.278406098776462,415.618009048039,3089.6416942337
Cell2266,0.440123980909849,0.288231742841023,0.271644276249128,321.078020597036,2869.68041903881
Cell2271,0.378440593030193,0.290525746691833,0.331033660277974,851.702074430775,3556.38117507071
Cell2288,0.316992260613973,0.362315702853456,0.320692036532571,748.980052785717,3340.44990167454
Cell2290,0.3753533930876,0.319722838949639,0.304923767962761,1299.84859819648,3992.64107182959
Cell2337,0.358748613589811,0.322789047346389,0.3184623390638,819.01699808046,3543.92008604855
Cell2350,0.38293392344246,0.320444677682771,0.296621398874769,1471.09104629261,4113.93187668963
Cell2363,0.413415131272092,0.29193340021833,0.294651468509578,796.947117905533,3558.88006533436
Cell2367,0.398441835206641,0.307051635685416,0.294506529107944,971.506869392901,3585.77075310081
Cell2394,0.347514138159977,0.368877769391322,0.283608092448702,514.478579241284,3061.35816135792
Cell2410,0.346709825317858,0.324887809641617,0.328402365040526,648.12480440782,3208.54196898564
Cell2417,0.335055197545474,0.381189347615491,0.283755454839035,933.188294122646,3740.57769657468
Cell2441,0.363629721550892,0.369615568886616,0.266754709562492,571.277932080682,3178.22003290925
Cell2541,0.392917320210677,0.290697301393543,0.316385378395781,837.676048327529,3468.93940231531
Cell2546,0.387148366327543,0.32586381148355,0.286987822188907,333.159633072045,2906.66303071039
Cell2597,0.394526757194857,0.298953857050119,0.306519385755024,626.021333178512,3217.51073954509
Cell2611,0.386334719496131,0.299206417414119,0.314458863089751,1074.6330122083,3718.83914900535
Cell2623,0.424533787136738,0.263365924980345,0.312100287882917,818.324217129635,3493.80017220654
Cell2625,0.45471339266051,0.270330945132852,0.274955662206638,888.52727194569,3459.97423972511
Cell2627,0.312355029099846,0.37066787424592,0.316977096654235,799.131721284596,3439.26840669594
Cell2645,0.376765623613149,0.309456102141685,0.313778274245165,1092.26479852633,3732.03773989785
Cell2664,0.419624668823749,0.283666929552237,0.296708401624013,929.523554305666,3680.48387918015
Cell2665,0.43041677012553,0.288231047383568,0.281352182490903,906.12050863183,3483.31764462664
Cell2697,0.396169784090027,0.306229944008854,0.297600271901119,930.817759449992,3616.17885272176
Cell2711,0.411264526815026,0.3052665680265,0.283468905158474,765.882694954062,3477.23341506816
Cell2714,0.359043083671888,0.367257284228966,0.273699632099146,757.997868399819,3476.54341771399
Cell2774,0.385142656043269,0.327555841189182,0.287301502767549,797.085474291592,3504.69244824512
Cell2782,0.360096582449026,0.311833295898752,0.328070121652222,826.405774402693,3538.42120582522
Cell2784,0.381134231618382,0.299273101784305,0.319592666597313,832.335452002638,3412.15482679141
Cell2787,0.421707152022523,0.300352707704916,0.277940140272561,1056.33283270405,3705.29003647286
Cell2806,0.341839298238145,0.339777363273211,0.318383338488644,784.421858486434,3412.83180334865
Cell2820,0.403294109027616,0.293511221100608,0.303194669871776,724.824480737408,3359.43444304057
Cell2826,0.341207060829492,0.391283918184158,0.26750902098635,575.21917623255,3179.70963447904
Cell2860,0.391444599517676,0.3262868282809,0.282268572201425,1175.40788271734,3844.67212868059
Cell2870,0.42976378426742,0.276062562913176,0.294173652819404,1269.59215678426,4036.06511963889
Cell2930,0.337159045212475,0.370248961000406,0.292591993787119,744.263968614485,3334.19304047255
Cell2948,0.403077223938169,0.291028012641289,0.305894763420542,831.811806655871,3342.14890506782
Cell2952,0.461003973855947,0.322397569312951,0.216598456831102,1247.7182814342,3958.39581189312
Cell2955,0.368069692934214,0.328774248635612,0.303156058430174,880.326375099757,3511.44824082629
Cell2985,0.341057571449088,0.388860220525497,0.270082208025416,1092.62485361994,3754.14648114729
Cell3000,0.355164751655873,0.345625488701117,0.299209759643009,884.585904742286,3582.91279067871
Cell3042,0.331642769812544,0.360445689352696,0.30791154083476,710.816928840841,3282.4134778656
Cell3049,0.333638629099261,0.356638243030294,0.309723127870445,802.134632605466,3438.31093544091
Cell3080,0.355403768294504,0.34073850773738,0.303857723968116,976.82758799507,3693.55505831093
Cell3082,0.32117363204733,0.37179411689729,0.307032251055381,863.989958547644,3526.35117323491
Cell3105,0.329313888158752,0.348579271079543,0.322106840761705,1223.53038162876,3853.72549401509
Cell3117,0.327249810385948,0.35982216759285,0.312928022021202,791.628728084249,3280.86460602804
Cell3156,0.415166230617074,0.282693178698208,0.302140590684718,677.62241152633,3300.71492481988
Cell3226,0.373126744507069,0.33173091893381,0.295142336559121,912.804812402116,3542.17796561704
Cell3231,0.384174001972761,0.284188621465223,0.331637376562016,1036.96717020718,3713.3433163228
Cell3232,0.453990502766601,0.255746662211249,0.29026283502215,896.832722015527,3542.24918770768
Cell3253,0.427744889943156,0.247160963771983,0.325094146284861,695.474318585728,3308.50316035642
Cell3290,0.380150805108071,0.334568432422461,0.285280762469469,654.907270818884,3330.50632363601
Cell3305,0.384072311017196,0.300008818143836,0.315918870838968,755.491776311031,3365.25630394324
Cell3307,0.361481712893204,0.363154315139571,0.275363971967225,789.643364709855,3475.08852089103
Cell3328,0.362807215558675,0.308968420267482,0.328224364173844,970.772602033853,3566.53334546893
Cell3355,0.453085385851567,0.2892804601562,0.257634153992233,706.952285800589,3304.79291482273
Cell3360,0.348607739592937,0.357162319386173,0.294229941020891,908.028753857085,3526.77484696461
Cell3379,0.34022984742964,0.373074806724933,0.286695345845427,634.298314628946,3219.71829791135
Cell3386,0.383501788595963,0.314944792321702,0.301553419082335,639.019385582057,3202.28727045753
Cell3388,0.336024217744568,0.353451832165542,0.31052395008989,767.634686812459,3469.57639935293
Cell3389,0.403965778858442,0.301903029524355,0.294131191617204,1176.50173004816,3853.14927674531
Cell3405,0.404976281132632,0.319727304806198,0.27529641406117,1074.24396618981,3721.31731805438
Cell3434,0.330974412655148,0.383922515638672,0.28510307170618,1063.22085132659,3690.5221403404
Cell3444,0.391670424296312,0.320900315487585,0.287429260216103,632.9881570295,3212.94465298113
Cell3446,0.408562830860236,0.305719629871525,0.285717539268239,942.434418184707,3557.33522092673
Cell3467,0.369066231360979,0.320016651878489,0.310917116760532,731.813138883577,3288.91817030505
Cell3564,0.409988373884704,0.290619250107814,0.299392376007482,855.047193794949,3556.24247163495
Cell3612,0.313290700496377,0.304171053228014,0.382538246275609,1132.28351620538,3712.4074027156
Cell3677,0.434528179619931,0.29193987886369,0.273531941516378,1159.4613344884,3725.40220211205
Cell3683,0.387815919883361,0.311288841907199,0.300895238209441,1109.45951544339,3722.2295834763
Cell3717,0.366484279093508,0.306343284786814,0.327172436119678,1186.9435854942,3937.68243066952
Cell3753,0.367501309911297,0.344978294120636,0.287520395968067,1113.36648632348,3754.82685438151
Cell3771,0.378360181755972,0.310069757741583,0.311570060502445,887.219184090842,3678.47099551323
Cell3773,0.359296237496241,0.329177084680654,0.311526677823105,941.620264531168,3586.28923773695
Cell3811,0.359955613351012,0.327054092925846,0.312990293723142,292.90674962439,2898.17130169548
Cell3816,0.303048442320798,0.395690875553089,0.301260682126113,766.588550602801,3330.3335403471
Cell3843,0.364986444743537,0.34939100819147,0.285622547064994,881.114704691596,3548.50951359197
Cell3847,0.402875791687457,0.308106473190905,0.289017735121638,1061.36872560176,3691.26113975897
Cell3850,0.342924978503299,0.357583819241943,0.299491202254757,705.187197864423,3383.0407727882
Cell3891,0.424823483767156,0.28332982017378,0.291846696059064,683.63980339684,3179.98026875354
Cell3933,0.356080372428358,0.305955052746349,0.337964574825293,1236.38484774945,3839.29965385797
Cell3989,0.351091227396405,0.330092595403528,0.318816177200067,660.274717685078,3308.8482292416
Cell3990,0.346854130007107,0.348261943306336,0.304883926686557,859.976380587875,3433.89014651533
Cell4012,0.318301892858505,0.383549660433813,0.298148446707683,527.921773474679,3172.02620424427
Cell4034,0.326861840583019,0.316281117890622,0.356857041526359,1259.97431216124,3935.10898095541
Cell4060,0.34619785587829,0.344424204647407,0.309377939474304,490.891774216023,3103.60997492931
Cell4114,0.382120516956079,0.334012693579741,0.28386678946418,691.90659319412,3492.35380955519
Cell4123,0.362181153979101,0.327508127097767,0.310310718923132,1103.56423374935,3715.22504330437
Cell4134,0.38538025119711,0.296566664969738,0.318053083833152,820.179143788935,3450.78097500825
Cell4190,0.400243963555816,0.315010411132903,0.284745625311281,1572.43954621797,4214.19112259563
Cell4193,0.39805263708947,0.31780833093831,0.28413903197222,899.002430624404,3529.49510255027
Cell4215,0.395183111440326,0.278003471207677,0.326813417351997,476.727172856899,3116.04900479217
Cell4219,0.424421096431306,0.307209105566164,0.268369798002529,1113.98138606189,3807.45267873166
Cell4238,0.31905238042578,0.378085576761291,0.302862042812929,834.527753900276,3495.26838989112
Cell4241,0.424917463627953,0.284958335715299,0.290124200656748,1005.52724984564,3526.78816122814
Cell4257,0.310350368212997,0.380556364333543,0.30909326745346,879.444267126902,3468.22542813323
Cell4258,0.388823443532952,0.287511319110721,0.323665237356327,998.59066949376,3665.08130852295
Cell4319,0.328138513292105,0.348934669108581,0.322926817599314,880.308757845448,3495.40100732148
Cell4331,0.433726656222789,0.271739044899091,0.294534298878119,1154.97800979088,3821.859308402
Cell4344,0.42098708719782,0.291098060861465,0.287914851940714,934.707173857885,3543.58261352626
Cell4352,0.37980029499679,0.303890510304173,0.316309194699037,886.060640869119,3503.11391075267
Cell4359,0.347422872727635,0.373252824233435,0.27932430303893,549.502875946724,3133.18608824556
Cell4365,0.423948944733165,0.288821710070554,0.287229345196282,1136.50035310189,3720.73009343311
Cell4366,0.455987616030884,0.24325400100787,0.300758382961246,779.019377415193,3380.02162242089
Cell4374,0.362310509297528,0.348197194956365,0.289492295746108,1242.58686585274,3924.55235257109
Cell4410,0.362526903726279,0.341508372976844,0.295964723296876,1219.84108202479,3867.68725982662
Cell4441,0.368600202238903,0.337035867354392,0.294363930406705,1251.28215459207,3902.34227984149
Cell4467,0.435989474136009,0.258805242776805,0.305205283087186,895.961271812121,3540.6222806302
Cell4473,0.357928548271946,0.318769192661839,0.323302259066215,492.997974808555,3192.66262242993
Cell4487,0.318947138246171,0.351822342698324,0.329230519055505,1048.47554304538,3689.00299139215
Cell4536,0.432878229224755,0.286296221875154,0.28082554890009,725.614899714027,3304.09933308986
Cell4592,0.343498090093424,0.32590193808582,0.330599971820755,640.299829608104,3270.72975193544
Cell4596,0.418430692541671,0.289132101214461,0.292437206243868,716.454094198908,3369.39176683365
Cell4607,0.416863542180014,0.289369474766643,0.293766983053344,819.936170683643,3498.18236419099
Cell4618,0.339140552642291,0.351308068184034,0.309551379173676,919.617002732395,3552.23671244499
Cell4622,0.327359359934277,0.363457151770077,0.309183488295646,633.461732145844,3176.4597824995
Cell4628,0.323605412369913,0.390870558430267,0.28552402919982,1015.37551634197,3652.65616187549
Cell4644,0.470169786866235,0.247909367435811,0.281920845697954,449.563041275441,3080.21152561113
Cell4652,0.350888705899121,0.319088422927284,0.330022871173595,656.595476226223,3400.92644040006
Cell4664,0.368679972991983,0.334352452557653,0.296967574450363,461.907848764325,3163.54177849876
Cell4668,0.345201062717154,0.315155959179362,0.339642978103484,956.730434151605,3728.65348448937
Cell4686,0.41132087613621,0.288150178161012,0.300528945702778,892.650415978708,3563.91946924855
Cell4743,0.312556099933662,0.381054671166353,0.306389228899985,455.44950560505,3055.32969697504
Cell4770,0.347055954334911,0.342869274864626,0.310074770800463,696.117581582251,3293.20550678645
Cell4802,0.327594004208957,0.375062291166531,0.297343704624512,675.805443763637,3358.92517374742
Cell4803,0.372701592641607,0.29432483455936,0.332973572799033,577.746639167173,3313.61603401524
Cell4833,0.349683102577927,0.366043092308518,0.284273805113555,395.537993941494,2931.79654104391
Cell4837,0.416424412537877,0.280598043549374,0.302977543912749,769.342178631011,3438.05878388829
Cell4845,0.369332851873472,0.30654877913228,0.324118368994249,641.055017487344,3285.96864984531
Cell4870,0.319764699410284,0.401158404696735,0.279076895892981,324.944454241045,2871.96124132984
Cell4981,0.413494539537546,0.27774311172478,0.308762348737674,703.472738632957,3332.99765079529
Cell4982,0.392339245023845,0.281094808080568,0.326565946895586,1017.89347451994,3612.84630562461
Cell5005,0.462910820694493,0.256389272192869,0.280699907112638,1167.46563292786,3815.50800393329
Cell5030,0.366424696948318,0.389675997369791,0.243899305681892,1097.33226000371,3731.66449333187
Cell5051,0.381722587265324,0.296135364983048,0.322142047751628,728.604494723566,3394.76723524706
Cell5067,0.426440623235907,0.307091169663002,0.266468207101092,1034.136673879,3729.14099404215
Cell5118,0.406273539395729,0.30657715090725,0.28714930969702,1086.7589770839,3679.53684979831
Cell5120,0.404060784147402,0.296017531386058,0.299921684466541,757.27588544955,3462.43645706255
Cell5124,0.387592519134437,0.308137159939178,0.304270320926384,821.57925717458,3510.25054130813
Cell5129,0.349452047179982,0.342368898546177,0.308179054273842,1148.67208483365,3922.80724410741
Cell5134,0.319021250022288,0.39365144816963,0.287327301808082,903.906270025827,3480.98514225116
Cell5162,0.427396201717292,0.291413333123225,0.281190465159483,687.562022684444,3371.12276232956
Cell5165,0.420181143763477,0.26623128079601,0.313587575440513,918.211630242502,3452.4831390943
Cell5246,0.343672357811203,0.378001245399613,0.278326396789184,1005.2620351215,3727.11407317399
Cell5249,0.373485711830984,0.324588116150383,0.301926172018633,917.133336869039,3529.40912281434
Cell5264,0.324582612191453,0.356451155139726,0.318966232668821,827.728063596774,3446.09051069334
Cell5314,0.359202797229882,0.365457449215012,0.275339753555106,790.453543421146,3369.62384547057
Cell5398,0.380830838234052,0.311864539320163,0.307304622445785,532.564604711038,3070.16877023546
Cell5439,0.450232800821837,0.269723011969499,0.280044187208664,904.819370194058,3501.53721016865
Cell5462,0.345025872950277,0.369313363591703,0.28566076345802,636.803955377224,3311.7211375196
Cell5509,0.380249444623315,0.315397503717432,0.304353051659253,637.495321575982,3303.99897601061
Cell5558,0.3628234580493,0.331092319989201,0.306084221961498,885.714549339651,3509.93294414007
Cell5562,0.332361093488919,0.328841850143874,0.338797056367206,916.124344430023,3556.00346905777
Cell5571,0.32093898762033,0.409573321228646,0.269487691151024,1438.95159664685,4117.92933254138
Cell5578,0.365285065573518,0.372236741954393,0.262478192472089,802.595499969263,3448.34576233521
Cell5581,0.384058198065746,0.284065525843563,0.331876276090691,773.250321280835,3341.3132047535
Cell5643,0.359212380741131,0.365972026625659,0.27481559263321,742.769261770109,3332.58939621292
Cell5681,0.404640106499301,0.296941040521307,0.298418852979392,527.2870172897,3197.93325332163
Cell5706,0.407539955022866,0.303875917967543,0.288584127009591,782.554693087639,3440.575816769
Cell5756,0.349379207643674,0.362267107543512,0.288353684812814,962.686510765593,3683.84100789338
Cell5779,0.412023703515028,0.290043770863753,0.297932525621219,1164.30968389836,3755.93924679852
Cell5811,0.339595811722287,0.342725167165437,0.317679021112276,441.87132089792,3000.92202066476
Cell5830,0.318618646434046,0.376932605216192,0.304448748349763,793.47723725923,3403.56588501268
Cell5845,0.333851432983392,0.336431331099535,0.329717235917073,880.336188614764,3464.2142073259
Cell5867,0.360495986798586,0.357774650766043,0.281729362435371,964.927954699082,3613.3814342762
Cell5881,0.306971445009073,0.370417659364437,0.322610895626489,578.460901141039,3276.69551146324
Cell5903,0.377204476238668,0.331898232899612,0.29089729086172,930.485995073098,3574.9426500813
Cell5920,0.406471274387358,0.303844924790603,0.289683800822038,997.910315127621,3708.48824688752
Cell5935,0.36875394976284,0.370738856597382,0.260507193639778,1336.3062849956,3949.31157158939
Cell5955,0.377033126564828,0.3255248402668,0.297442033168372,1079.09240719554,3690.84248150438
Cell5958,0.35490136887825,0.32243109652927,0.32266753459248,910.537815188547,3573.02826495384
Cell5968,0.43508922727346,0.277423642577326,0.287487130149215,465.121960298742,3155.20122788021
Cell5975,0.376015365113456,0.318925346212541,0.305059288674002,532.641744072861,3120.72017488671
Cell5989,0.342148515025951,0.338013644647697,0.319837840326352,792.01442024852,3432.26948268121
Cell5991,0.392481896479181,0.304188481662387,0.303329621858432,463.448632205078,3081.79538807644
Cell16,0,0.551456924430342,0.448543075569658,1142.59730110604,3537.81492723816
Cell48,0.0152536274906612,0.486217531519514,0.498528840989825,985.309205208176,3235.29451049063
Cell108,0,0.413087995824153,0.586912004175847,1030.59045471219,3305.97568279454
Cell135,0.012738478677619,0.49111610232495,0.496145418997431,1151.94438097173,3452.23643826495
Cell181,0.0243848806144721,0.477781716082549,0.497833403302979,867.900082819348,3233.72965168484
Cell245,0.0144887119711502,0.510415885761048,0.475095402267802,651.67834520299,2779.29254840112
Cell257,0,0.45370871518216,0.54629128481784,1090.65610962806,3349.42558497835
Cell326,0,0.430345292027294,0.569654707972706,1079.25248764842,3272.48508278592
Cell373,0.02355002723208,0.452683529219196,0.523766443548724,694.59022101453,2940.58043972873
Cell435,0,0.456506908106937,0.543493091893063,954.589938527318,3142.67529579453
Cell461,0.0273379116241292,0.41916044262327,0.553501645752601,992.124152239999,3222.96335623037
Cell478,0,0.444864040845586,0.555135959154414,768.023500614371,2981.27141617808
Cell494,0.000737920268288658,0.468297379684273,0.530964700047439,1146.12965357539,3340.82812127123
Cell541,0,0.418994966183519,0.581005033816481,1136.56115651594,3447.32145429341
Cell555,0,0.496522968839204,0.503477031160796,1283.47566420578,3646.24512663257
Cell616,0,0.497252420322958,0.502747579677042,785.631217833233,3144.97193488234
Cell647,0.00777434303156475,0.510561579582928,0.481664077385507,1249.26160366659,3565.34359368725
Cell669,0,0.481163179460422,0.518836820539578,1446.93953553552,3649.01934303156
Cell685,0,0.455897001479446,0.544102998520554,1067.06047863375,3395.25345248112
Cell745,0,0.478993183785509,0.521006816214491,1265.15150483809,3562.53026261434
Cell747,0.0283550838676502,0.461431782922413,0.510213133209937,728.561774436202,2891.11323681944
Cell825,0.0407639429941765,0.451755240379903,0.50748081662592,1166.14087076646,3455.11624842554
Cell842,0.0132745345809144,0.444521361618447,0.542204103800638,729.059067146294,2944.12192158332
Cell845,0,0.501165174538559,0.498834825461441,967.265066562647,3166.57430581289
Cell919,0.0111800821479892,0.483893839490524,0.504926078361487,1639.66458310753,3982.42576662462
Cell926,0,0.457262760621541,0.542737239378459,1062.48619833154,3301.03126663918
Cell953,0.00466109231648443,0.441590362079115,0.553748545604401,1309.49413990009,3513.62580984518
Cell963,0.0200034795171067,0.46840943486344,0.511587085619454,797.105684991473,3032.80986301142
Cell992,0.018106993068907,0.43877105909485,0.543121947836243,1175.93734902571,3513.54625249457
Cell1043,0,0.449657487849459,0.550342512150541,1187.74353327269,3454.61302742534
Cell1052,0.00875937523414808,0.464095497259422,0.52714512750643,1384.65805628403,3686.55158974844
Cell1080,0.00241289388097396,0.43428658899362,0.563300517125406,1059.0906741061,3232.32764415728
Cell1122,0,0.453978794075269,0.546021205924731,925.127697326434,3126.2931360023
Cell1135,0.0434073178844906,0.432452693254047,0.524139988861462,1053.14383559075,3343.58272817856
Cell1160,0.0247867315312968,0.402274673496489,0.572938594972214,1076.12351756148,3323.2998696249
Cell1163,0.0267164722743956,0.494185561922593,0.479097965803011,1266.28568100098,3475.57087940572
Cell1249,0.0243560993856599,0.509670097972072,0.465973802642268,925.892465257988,3161.7884213637
Cell1253,0,0.502308551321003,0.497691448678996,1223.18883701702,3477.74432855413
Cell1343,0.00367973692261973,0.466293316515297,0.530026946562083,1187.39717120279,3551.2419455403
Cell1354,0.0184214634001149,0.500992939958435,0.48058559664145,933.697985335964,3185.91037486221
Cell1431,0.0281528959671284,0.446846092148657,0.525001011884215,1603.37535660386,3904.18432604947
Cell1511,0.0309462597012032,0.470045813248952,0.499007927049844,1469.90044688457,3761.25996819737
Cell1517,0.0140864879501839,0.465210124192194,0.520703387857622,1261.76866498075,3586.54017782142
Cell1608,0.027948019534035,0.437893561621543,0.534158418844422,1267.01730362665,3646.75677497486
Cell1737,0.000513584161166591,0.441596284284403,0.55789013155443,1110.85093140011,3396.71069111441
Cell1793,0.00752304812365983,0.481172507273498,0.511304444602842,1409.19783556383,3646.45449663104
Cell1813,0.014696835236476,0.411675139168278,0.573628025595246,1332.82394189609,3697.41495300557
Cell1814,0.000123473770600197,0.46459304948595,0.53528347674345,954.095866332327,3159.56933766661
Cell1828,0.0189385350337848,0.480714145662097,0.500347319304118,758.120029656127,2924.73196861116
Cell1837,0.00139554953118282,0.465247006152246,0.533357444316571,1105.04217360189,3459.40904941606
Cell1860,0.00774582736719297,0.469767535868001,0.522486636764806,1104.04431188013,3404.73732055576
Cell1905,0.0156463213154035,0.4664432934383,0.517910385246297,1312.42825615725,3667.28702411418
Cell1915,0,0.495319502350684,0.504680497649316,1590.49830949812,3829.96672461864
Cell1932,0,0.481961673408466,0.518038326591534,1208.93302415324,3433.67447360091
Cell1952,0.00371046851774844,0.432700751759298,0.563588779722954,1163.05391867786,3366.92126654168
Cell1999,0.0301077688148635,0.485504850866451,0.484387380318686,982.487311248476,3278.25688806168
Cell2006,0.0122837193770681,0.499006505652308,0.488709774970624,1054.84684651787,3452.92036527187
Cell2013,0.00304649023195567,0.521303752440404,0.47564975732764,902.370542653469,3168.70714136931
Cell2073,0.0260546119708796,0.466216719453895,0.507728668575225,952.032449191691,3251.87584153183
Cell2176,0.0331232183991991,0.493390608777665,0.473486172823136,1002.61925911207,3301.82163881532
Cell2214,0.0490133872721349,0.459684218018988,0.491302394708878,1207.85157092675,3515.54670816341
Cell2287,0,0.448723022746861,0.551276977253139,1302.36464873723,3504.61642712676
Cell2291,0,0.413068350329129,0.586931649670871,1188.72868886154,3390.27330808381
Cell2319,0.00933057069215272,0.485358414342687,0.50531101496516,949.778246591153,3224.5823631514
Cell2335,0.00057182171554675,0.506861452637076,0.492566725647377,877.570782121297,3095.73649197973
Cell2486,0,0.449398187439369,0.550601812560631,1186.04602434919,3433.5744929582
Cell2509,0.00428812113130056,0.481810680902475,0.513901197966224,1085.60009021539,3319.79319372479
Cell2580,0.0165993400864537,0.433878733401928,0.549521926511618,1236.0869726978,3484.27957342718
Cell2777,0.0264336518670225,0.473228454505196,0.500337893627781,1124.01789332666,3414.00471196615
Cell2786,0.00412311078234598,0.458131064570128,0.537745824647526,960.793976633283,3255.65575355871
Cell2944,0,0.502752138730806,0.497247861269194,1044.5028181857,3297.92571217123
Cell2991,6.93889390390723e-18,0.453477285655504,0.546522714344496,1056.03477807792,3273.97596463155
Cell3013,0.0207014843950272,0.45505317034259,0.524245345262383,1686.56219701373,3918.42940791505
Cell3018,0.00166359451582625,0.450734327138532,0.547602078345641,908.754143909163,3093.21000612268
Cell3076,0,0.48723104860199,0.51276895139801,860.223118956974,3134.05029612386
Cell3110,0.0164370386866294,0.459073564325133,0.524489396988237,1322.51401787529,3631.89863203904
Cell3147,0.00301361092596462,0.462067913752857,0.534918475321178,1255.83166308509,3510.25582100912
Cell3212,0,0.490109160860098,0.509890839139902,1310.55108530563,3626.90189515051
Cell3240,0,0.481123576588856,0.518876423411144,1539.35942644073,3934.04779423669
Cell3248,0.0096629729652162,0.519167698575958,0.471169328458826,1182.50062581942,3446.83598933886
Cell3304,0.0097910490501245,0.468074924637775,0.522134026312101,1315.9246100344,3661.53346079113
Cell3343,0.0173538621909673,0.484553977300261,0.498092160508771,1106.27248669716,3399.29542081365
Cell3391,0.0341257375366387,0.415885670864619,0.549988591598742,1202.83261368075,3542.15686420177
Cell3400,0.0304860726707193,0.413762473873191,0.55575145345609,1218.67957524487,3531.42809072976
Cell3445,0.0334255497871547,0.467903572896722,0.498670877316123,1062.24776134992,3370.7795269106
Cell3465,0.0114450575321457,0.479132460334283,0.509422482133571,1053.1564977153,3367.87987648509
Cell3472,0.0192370872729561,0.489577352455419,0.491185560271625,1008.1563355767,3293.69769978914
Cell3516,0.0071110297842298,0.488438494924652,0.504450475291118,1074.04264317807,3358.58915695162
Cell3539,0,0.448898733235599,0.551101266764402,1671.6398778963,3923.97327366884
Cell3641,0,0.474519627205408,0.525480372794592,889.472536936057,3161.74774730133
Cell3646,0.00766739567052757,0.500750791202633,0.49158181312684,800.145367978423,3079.323771672
Cell3648,0,0.437950670586218,0.562049329413782,617.075405228364,2825.03573315222
Cell3678,0.00204809625146931,0.503012037153076,0.494939866595454,947.361965410042,3291.51824752399
Cell3713,0.00750690255103039,0.482246470275328,0.510246627173641,1212.79545548362,3445.55148572665
Cell3715,0,0.504584238161409,0.495415761838591,1344.9233729738,3659.38650497597
Cell3784,0.0313470717998226,0.473930388042948,0.49472254015723,1247.66111718884,3588.41431322473
Cell3806,0.00718833688462764,0.511084278965319,0.481727384150054,1132.95396396973,3371.14242732943
Cell3813,0.0235205848344989,0.431524718651528,0.544954696513973,1068.25227756748,3240.17377455637
Cell3844,0.00993250311399982,0.503885662942349,0.486181833943651,1057.68083217747,3413.87165117627
Cell3934,0.0340306259800896,0.40030640856259,0.565662965457321,1125.51743627859,3461.84299679079
Cell3950,0,0.455119838515041,0.544880161484959,1030.62179277741,3379.10597353234
Cell3964,0.0281805989672022,0.467256846713523,0.504562554319275,792.893399602637,3004.03321348824
Cell3976,0,0.498707020116857,0.501292979883143,1238.39182921026,3479.13122860106
Cell4022,0.0142071746670845,0.461121882929866,0.52467094240305,1221.45330062079,3383.40566991125
Cell4077,0.0242970541200629,0.479401067444593,0.496301878435344,1113.48290185389,3387.26706987981
Cell4087,0.00577892796014065,0.477349355591138,0.516871716448721,1401.61723227097,3713.07416997165
Cell4089,0.0258853246605419,0.448374987787603,0.525739687551855,1333.26950596213,3667.17871064939
Cell4095,0.023023584748537,0.402692643916233,0.57428377133523,1532.05065164303,3783.15091816683
Cell4119,0,0.477179081213554,0.522820918786446,1053.95205479324,3348.90797603678
Cell4173,0,0.486812688916133,0.513187311083867,977.103360604946,3300.34081112434
Cell4278,0,0.515185883332257,0.484814116667743,1313.18767651512,3628.91147764086
Cell4279,0.000249881926846086,0.541504705708787,0.458245412364367,1095.74579905682,3354.30686636825
Cell4316,0.0309218572255379,0.461568218255328,0.507509924519135,1183.55231484676,3495.97991528215
Cell4335,0.00606196473943401,0.513034952466189,0.480903082794377,979.487578350843,3199.99455783957
Cell4404,0.0399723496521997,0.50271036263858,0.457317287709221,1438.32050507499,3667.17748151712
Cell4405,0.00359818669420185,0.443696777038852,0.552705036266946,773.371610348392,2967.51739324002
Cell4436,0,0.507909815938393,0.492090184061607,1060.26912392998,3430.22489756691
Cell4456,0,0.47031669794637,0.52968330205363,866.314072795976,3159.06395093007
Cell4474,0.00224700710214638,0.465052470884992,0.532700522012861,1186.17769575515,3555.49589792831
Cell4532,0,0.442645006515431,0.557354993484569,968.888279733385,3247.99288146364
Cell4564,0,0.46140797793339,0.53859202206661,764.700995545714,2988.53406190223
Cell4591,0,0.514910293546917,0.485089706453083,1052.58375115443,3268.85587425644
Cell4605,0,0.507854621602515,0.492145378397485,1372.44425698047,3639.41134780075
Cell4715,0.00959556430483487,0.44077200861417,0.549632427080996,1363.37138973989,3596.82549578878
Cell4765,0.0015676993581445,0.470795427523512,0.527636873118343,1061.24232551907,3209.34341758603
Cell4792,0,0.457645812358133,0.542354187641867,1204.50531216252,3585.17204075149
Cell4808,0.0224387861360251,0.476353723605588,0.501207490258387,916.303658289649,3137.525176858
Cell4812,0,0.466434939059138,0.533565060940862,742.039635456756,2970.79374597239
Cell4819,0.000181287523538663,0.449523967206638,0.550294745269823,899.59663765162,3280.18124276831
Cell4930,0,0.470969692080003,0.529030307919997,1328.64184882222,3656.61084908121
Cell5025,0.01107947866053,0.4311447018883,0.55777581945117,797.391669769157,3001.71285543971
Cell5027,0.00235840282936393,0.432821787180215,0.564819809990421,979.989283572192,3243.78927063549
Cell5040,0.00513540182077483,0.487747070101362,0.507117528077863,998.375468010629,3190.31895788875
Cell5070,0.0177588992527385,0.505663625713273,0.476577475033988,1047.09039498571,3318.29926296882
Cell5093,0.0183176266332694,0.429315640285241,0.55236673308149,978.665103179346,3237.40482761946
Cell5106,0,0.492344956982326,0.507655043017674,1011.3261799501,3316.54062170673
Cell5132,0.0140185320097808,0.481879727149202,0.504101740841018,1259.16399534127,3557.54143361436
Cell5142,0.0249915658625032,0.429115647292265,0.545892786845232,813.609259360786,3015.37365097203
Cell5190,0.00984227681214218,0.494184964633503,0.495972758554355,937.691143675347,3258.3914782441
Cell5245,0,0.480467593070031,0.519532406929969,1318.90107649998,3575.03563756244
Cell5302,0.0249304688494882,0.496677180780833,0.478392350369679,868.33164710042,3063.83250216207
Cell5349,0.00693597973469561,0.441702463879,0.551361556386304,1214.25159132599,3532.90746242543
Cell5385,0,0.495182065850549,0.504817934149452,1442.66830445203,3714.6849029974
Cell5424,0,0.489814217302151,0.510185782697849,1183.10097870506,3449.74651951806
Cell5429,0,0.469574674372702,0.530425325627298,744.593235211568,3013.89819166001
Cell5446,0.00280289702963376,0.43778162534068,0.559415477629686,1276.3976259251,3610.66317835315
Cell5452,0.0279442116146007,0.476164458077026,0.495891330308373,792.589625786426,3068.95810266839
Cell5469,0.00882593687589472,0.420125772148481,0.571048290975624,1117.12628685758,3363.80567556192
Cell5481,0,0.431575834522248,0.568424165477752,1290.95511379185,3494.61216994649
Cell5490,0.0130302133971334,0.508848103066632,0.478121683536235,1412.72119335042,3820.3503204813
Cell5498,0,0.462771664835546,0.537228335164454,1187.51825441347,3590.78597566532
Cell5577,0,0.48977921398331,0.51022078601669,885.112962122723,3145.68299265672
Cell5598,0,0.46374838955722,0.53625161044278,931.57328456604,3115.27199042215
Cell5619,0,0.443847945045444,0.556152054954556,1079.18006134191,3268.39183524189
Cell5631,0,0.43971288432183,0.56028711567817,1098.05355731923,3331.96087156069
Cell5701,0,0.491047430185194,0.508952569814806,1117.99134188988,3323.50847163011
Cell5846,0.0134726351441959,0.510431620597951,0.476095744257853,1208.96989067557,3511.67710558531
Cell5856,0.0320244040158914,0.481588890662288,0.486386705321821,1100.65472122971,3421.93053689222
Cell5921,0.00672090692377975,0.465916663104201,0.527362429972019,1278.17694540152,3623.40074822873
Cell5923,0.00972784027991259,0.503867729893644,0.486404429826443,1026.09022473493,3373.75494472134
Cell5928,0.0327455478505802,0.440177431253731,0.527077020895689,1247.10180867063,3501.93278380511
Cell5960,0.00980378258695008,0.445630770552288,0.544565446860762,968.869744543326,3174.80273557245
Cell5966,0.0138983235685097,0.473470096458164,0.512631579973326,1121.23438086019,3475.38417364159
Cell5974,0,0.451406017004139,0.548593982995861,938.34129514438,3249.88133486819
