cell_name,frxn_cell.type_Baso,frxn_cell.type_Eos,frxn_cell.type_Mast,frxn_cell.type_Monocyte,frxn_cell.type_Neutrophil,Lagrangian,Error
Cell_1,0.57172557627891,0.109071730658669,0.142106493520216,0.0335502384761655,0.102468651184165,0,1245.21764641805
Cell_2,0.50464614673132,0.0768513695625292,0.195258551175942,0.0718543402086856,0.110979348465719,0,1259.76122835254
Cell_3,0.57818657958504,0.0506023761130968,0.187787003803297,0.013508998548459,0.121288580456785,0,1289.25387950857
Cell_4,0.571305336666602,0.0900310077711521,0.146193675528059,0.0504962703263476,0.0902294225119437,0,1319.310383317
Cell_5,0.623163844869837,0.201135131004006,0.0508172037854653,0.0463229520158477,0.0328800257429561,0,1281.41833852769
Cell_6,0.606569869903783,0.100078954499987,0.110191743207569,0.0513025922122813,0.0835587519158804,0,1330.15003305355
Cell_7,0.660308537400063,0.0704764224986958,0.160379989536937,0.0466923954343295,0,0,1337.0080370025
Cell_8,0.53593413887158,0.117345844899169,0.180624750659486,0.0670194633403047,0.0443457194976097,0,1308.0061545566
Cell_9,0.306385620055729,0.3907853314351,0.0758488304451657,0.0524151801156547,0.144545857283047,0,1227.25012270883
Cell_10,0.524813181117598,0.237606775914386,0.0691879434587475,0.00971511607647563,0.100591616696198,0,1344.91524952783
Cell_11,0.488987413531983,0.152461920482206,0.17967686923775,0.00995512951246008,0.112455079512215,0,1416.50328899794
Cell_12,0.541143883413562,0.0771413113228996,0.154862761992423,0.0558537179191033,0.119659979957705,0,1407.23841368602
Cell_13,0.481688282238541,0.132150558945934,0.231370910096604,0,0.0932027605394408,0,1388.80135378583
Cell_14,0.534227033640729,0.156855490860007,0.11336773693534,0.0286426229037114,0.108883738389752,0,1348.36982400149
Cell_15,0.434802715936721,0.230944239180556,0.116803410380677,0,0.158722005099435,0,1398.73896374452
Cell_16,0.540748637125566,0.328372163744741,0,0.0104381880331738,0.0246795396561816,0,1365.77092293029
Cell_17,0.670533752078164,0.0795640954482265,0.163279330963041,0.0296076265507702,0,0,1319.72065331949
Cell_18,0.571733975796001,0.0546719261698645,0.161263405560695,0.0336201389669226,0.112197791290675,0,1407.55053014978
Cell_19,0.509226095761531,0.0244232388976231,0.26658444132133,0.0225421620776597,0.100629996200349,0,1395.93230866121
Cell_20,0.678999056633361,0.0397679244048574,0.130708391141597,0.0689960230465477,0.0108165091968308,0,1364.73213359013
Cell_21,0.473159339459849,0.135012392248428,0.191972445436009,0.0326301255371204,0.101441090009843,0,1442.84644749078
Cell_22,0.589449722508794,0.0353294517376755,0.139062896919681,0.0462602454236158,0.108482368697359,0,1472.05916651031
Cell_23,0.449317716193088,0.136589669997356,0.186596146115291,0.0387898826386923,0.130831822255893,0,1404.59997328435
Cell_24,0.67163638293575,0.00113908334304488,0.133977931778516,0.0682791149678686,0.0423271477190558,0,1390.2553499283
Cell_25,0.532356850789386,0.0992689344311685,0.12199272468048,0.0285216737777054,0.139890290166268,0,1422.29508791565
Cell_26,0.633716086871893,0.166740707241251,0.118865018415983,0,0,0,1330.68207734046
Cell_27,0.571371951612481,0.116566434843282,0.218591574545577,0.0159326537790669,0.0231659590276746,0,1390.21309013558
Cell_28,0.457056486996853,0.0935079700434178,0.136167195958442,0.0624887469724026,0.193596114920023,0,1386.21994565916
Cell_29,0.568812835066567,0.20135304981945,0.0619692793409293,0.0509290116714198,0.0418202855554264,0,1379.86446311383
Cell_30,0.474741487544193,0.081287071960888,0.15393388449314,0.117928393462548,0.12039668590243,0,1397.72635250258
Cell_31,0.482510218830417,0.11188645406027,0.149235171508866,0.0719824434152568,0.115484234758559,0,1422.56703148524
Cell_32,0.64758864032086,0.0400877020144991,0.15228614574344,0,0.0773195289662472,0,1387.25540227226
Cell_33,0.380727204549043,0.174177703882817,0.155494978478286,0.00487376570373349,0.231491622199212,0,1432.75026685633
Cell_34,0.554988136064824,0.141320598230223,0.0790298282873047,0.041165832029007,0.122098874717159,0,1453.35547852994
Cell_35,0.553317703336797,0.0280514078683381,0,0.07167804511387,0.283692753828689,0,1288.33583671308
Cell_36,0.494778104611465,0.392694858713856,0,0.0289486854504442,0,0,1445.09633528971
Cell_37,0.467829019230851,0.137329664589742,0.194094830510469,0.021837976183636,0.116689558531187,0,1448.05780009756
Cell_38,0.513610960251539,0.198956257391287,0.111336054659807,0.0177704997518288,0.0984586088768817,0,1475.22291069709
Cell_39,0.388938548657825,0.396037528244657,0,0.0547249499475678,0.0931881727812575,0,1457.15437046632
Cell_40,0.707827293182616,0.024643309828464,0.12916055363709,0.0410619051290845,0,0,1401.44314186274
Cell_41,0.564593666449054,0.191907594088506,0.112625978937787,0.0208599497123187,0.03122892224161,0,1410.03070061875
Cell_42,0.529073700504791,0.207883733876732,0.0710513236399184,0.0337005459094909,0.0845291678407719,0,1394.39918057204
Cell_43,0.699615073304601,0.151071244518075,0.0394760183693106,0.00384464023633739,6.93889390390723e-18,0,1416.19439524676
Cell_44,0.698797580249938,0.100792538678229,0.0792725996763349,0.0423295358051462,0.0019824014426468,0,1395.70680305307
Cell_45,0.463078107159678,0.161016837557509,0.0818622794735739,0.0828431180365719,0.146233319209265,0,1457.09235481424
Cell_46,0.492101706575918,0,0,0,0,0,1243.89578137176
Cell_47,0.427585969792133,0,0.0465174015226169,0.0426861569753967,0.0056163457635929,0,1386.42066700298
Cell_48,0.383179018809319,0,0.0185674593739735,0.0412248327801127,0.00901490554172618,0,1213.96328350322
Cell_49,0.467137315832209,-4.25230830687992e-18,0,-4.35748915998063e-18,-2.03618851647555e-18,0,1216.32930439737
Cell_50,0.497511676616585,0,0,0,0,0,1248.81876444167
Cell_51,0.451889009861669,0,0,6.52114961814922e-19,0.0301056334933158,0,1301.30723754218
Cell_52,0.388650699850061,0,0.127442539800216,0,0,0,1360.5403857426
Cell_53,0.508270553843195,-7.82392265703082e-19,0,1.70467014674597e-18,0,0,1315.07728720169
Cell_54,0.470096302070791,0.00655228501865023,1.73472347597681e-18,3.84060269029116e-18,0,0,1290.85653255236
Cell_55,0.51482303476172,-1.10168209479711e-18,1.81350935406107e-18,0.00564081979884366,0,0,1349.84993041458
Cell_56,0.491838383648631,0,0,-1.38777878078145e-17,0,0,1269.19449714078
Cell_57,0.490608400311343,0,0.00258446994558547,1.38777878078145e-17,0,0,1259.81018381921
Cell_58,0.502285861763084,1.35815348628698e-17,1.48331797563331e-17,0,0,0,1369.02833550086
Cell_59,0.438244212619742,0.0113901729553788,0,9.76832038495276e-20,0.0592900402381761,0,1314.3937077335
Cell_60,0.509138861061966,0.0176262295707938,0,0,0,0,1308.27404518066
Cell_61,0.486200121813526,0,0,0,0,0,1265.99197104916
Cell_62,0.405634995042222,0.11172915024902,0,-1.38777878078145e-17,0,0,1244.45897002615
Cell_63,0.165663817526058,0.342343015218874,0,0,0,0,1175.90317504792
Cell_64,0.464807426818238,3.46944695195361e-18,0.0324907551557405,0,2.77555756156289e-17,0,1277.82497445765
Cell_65,0.501547924224028,0.0170798593247021,0,0,0,0,1318.65205542448
Cell_66,0.480829608801928,0,0,0,0,0,1248.25261813711
Cell_67,0.449895239232073,0,0.0472028520148539,-7.10869034202877e-18,0,0,1304.61005477301
Cell_68,0.515417799239521,0,0,0,0,0,1282.4603355698
Cell_69,0.519612415218493,0,0,0,0,0,1296.69022953317
Cell_70,0.500577081235858,-1.21591988678339e-17,0,-8.57290513130078e-19,0,0,1280.63742106231
Cell_71,0.503673208541379,0,0,0,0,0,1269.76205561147
Cell_72,0.332003498906727,0.0538241829399478,0.0546379271482736,0,0.0963814141797617,0,1395.12457352465
Cell_73,0.500814995518815,0.0207280069784802,0.0351508845083678,4.4559697914864e-18,0,0,1438.06186474169
Cell_74,0.452384619460936,0,0.029437597948047,0,0,0,1230.92963488612
Cell_75,0.392042740505038,0,0.102052763794216,0,0,0,1240.56818647648
Cell_76,0.471510699317694,4.59833640108786e-18,0.0400381695352511,-1.3313571539965e-17,0,0,1342.44072356269
Cell_77,0.528376940577845,0,-1.38777878078145e-17,0,0,0,1303.76024909291
Cell_78,0.470466686496055,0.051253275246199,0,0,0,0,1264.41493994909
Cell_79,0.455039354535608,0,0.0419839609982775,0.0339566985169657,0,0,1343.62435600117
Cell_80,0.496586725963664,0,0,0,0,0,1308.89995406601
Cell_81,0.511155910876328,1.94890023044607e-18,0,0,-1.38777878078145e-17,0,1288.10413899526
Cell_82,0.484798177774535,0.0556608686074587,0,0,0.023053447077448,0,1409.69139742854
Cell_83,0.455363234428483,0,0.024737579076171,1.33387771283621e-18,0.0268389007844501,0,1331.53413063688
Cell_84,0.546302928011364,0,0,0,0,0,1326.82999345636
Cell_85,0.346410779702402,0.0408004421599674,0.153030346155082,0,0.025202338904333,0,1362.57227160756
Cell_86,0.46295128398582,4.84472850254769e-18,0,5.65026967130974e-18,0,0,1218.6309489254
Cell_87,0.508272674215011,0.0733134950001895,0,0,0,0,1426.91921446058
Cell_88,0.47238080669507,0,0,0,0,0,1244.74177314524
Cell_89,0.499295514056888,0,1.38777878078145e-17,0,0,0,1232.19275337177
Cell_90,0.51393928278518,0.00130907176331933,0,6.68093060327106e-19,0,0,1313.37126230021
Cell_91,-6.9403286517215e-20,0.659968395758851,0,1.37899862495117e-18,0.0673381761372246,0,1521.63209108728
Cell_92,-1.55607083147138e-17,0.695101512137587,-1.76259041890216e-17,1.07626909930229e-17,0,0,1291.16466667432
Cell_93,-4.43121065392964e-19,0.748189952282607,0,0.0142292764561739,0,0,1413.67226667139
Cell_94,4.4770645265133e-19,0.613715128656466,0.0212945160211734,0,0.0421048762579406,0,1410.55175526157
Cell_95,0.174850543391877,0.518456586424776,0.0832466514987907,0,0.0853951096543667,0,1593.52805564033
Cell_96,1.73472347597681e-18,0.796887126121916,0.0517939609412711,1.50021541460537e-18,0,0,1326.50780451923
Cell_97,-2.10379024366489e-17,0.704690843294567,-6.94727440236095e-18,1.23459125398956e-17,0,0,1426.10139223904
Cell_98,0.0978998748431099,0.764046142349312,0,0,0,0,1358.17709692754
Cell_99,-1.55607083147138e-17,0.695101512137587,-1.76259041890216e-17,1.07626909930229e-17,0,0,1291.16466667432
Cell_100,0.0978998748431099,0.764046142349312,0,0,0,0,1358.17709692754
Cell_101,-8.86804147053868e-18,0.587419520458867,0,0,-2.77555756156289e-17,0,1252.44795478463
Cell_102,0,0.654208576719463,0.0614971652883238,0.0405746366677757,0.115453256508899,0,1547.91942153462
Cell_103,0,0.438892675447481,0.0966861436680042,0.0753302742032198,0.233542535548714,0,1620.94699588786
Cell_104,0.0750574219776292,0.59652082067005,0,0,0,0,1413.85433543756
Cell_105,-8.86804147053868e-18,0.587419520458867,0,0,-2.77555756156289e-17,0,1252.44795478463
Cell_106,1.73472347597681e-18,0.796887126121916,0.0517939609412711,1.50021541460537e-18,0,0,1326.50780451923
Cell_107,0.0181937392765036,0.826522876040661,0,0.0105424316233221,0.00167211712549536,0,1432.47703798655
Cell_108,-4.43121065392964e-19,0.748189952282607,0,0.0142292764561739,0,0,1413.67226667139
Cell_109,0,0.707880824843975,0.0259452658942555,0.0125895637348471,0.0704431041911734,0,1500.63695571943
Cell_110,0.00186145940910555,0.767789502052171,0,-6.90982703553947e-18,0,0,1409.20244851243
Cell_111,-1.55607083147138e-17,0.695101512137587,-1.76259041890216e-17,1.07626909930229e-17,0,0,1291.16466667432
Cell_112,0.0181937392765036,0.826522876040661,0,0.0105424316233221,0.00167211712549536,0,1432.47703798655
Cell_113,0.0181937392765036,0.826522876040661,0,0.0105424316233221,0.00167211712549536,0,1432.47703798655
Cell_114,0.0181937392765036,0.826522876040661,0,0.0105424316233221,0.00167211712549536,0,1432.47703798655
Cell_115,0,0.654208576719463,0.0614971652883238,0.0405746366677757,0.115453256508899,0,1547.91942153462
Cell_116,-1.8150015042862e-17,0.799491476855066,-2.01647975010922e-17,1.26167940082909e-17,0,0,1383.7136917661
Cell_117,-2.10379024366489e-17,0.704690843294567,-6.94727440236095e-18,1.23459125398956e-17,0,0,1426.10139223904
Cell_118,0,0.642800731355123,0.0617709440688196,0.0502911255367045,0.130195541215904,0,1480.02848220465
Cell_119,0,0.642800731355123,0.0617709440688196,0.0502911255367045,0.130195541215904,0,1480.02848220465
Cell_120,0.195797049054725,0.631661437203809,0.0327059140163091,0,0.0220808835454237,0,1431.43043477315
Cell_121,0.0978998748431099,0.764046142349312,0,0,0,0,1358.17709692754
Cell_122,3.08883652170655e-19,0.556317102933263,0.0333605276445629,0,0.0660455449796765,0,1381.04645630931
Cell_123,-1.42262295236021e-18,0.655690963797927,-3.46944695195361e-18,0,6.93889390390723e-18,0,1401.17263054725
Cell_124,0,0.838767888659845,0.0126376723458148,0,0,0,1482.66228435972
Cell_125,-4.43121065392964e-19,0.748189952282607,0,0.0142292764561739,0,0,1413.67226667139
Cell_126,0,0.707880824843975,0.0259452658942555,0.0125895637348471,0.0704431041911734,0,1500.63695571943
Cell_127,-1.8150015042862e-17,0.799491476855066,-2.01647975010922e-17,1.26167940082909e-17,0,0,1383.7136917661
Cell_128,0.280682575227992,0.61885930176488,0,-3.92866233921451e-18,0,0,1449.3776371197
Cell_129,-1.35692894935955e-17,0.539360865833209,0,0,0,0,1080.41061972364
Cell_130,0.00186145940910555,0.767789502052171,0,-6.90982703553947e-18,0,0,1409.20244851243
Cell_131,1.73472347597681e-18,0.796887126121916,0.0517939609412711,1.50021541460537e-18,0,0,1326.50780451923
Cell_132,-8.86804147053868e-18,0.587419520458867,0,0,-2.77555756156289e-17,0,1252.44795478463
Cell_133,0.0181937392765036,0.826522876040661,0,0.0105424316233221,0.00167211712549536,0,1432.47703798655
Cell_134,2.53178448127923e-19,0.838304096823751,0,-3.93576245044358e-18,0.0107603385255004,0,1347.73128755037
Cell_135,0,0.838767888659845,0.0126376723458148,0,0,0,1482.66228435972
Cell_136,-9.81909102054031e-18,0.731975596409384,-7.0470762826475e-18,9.48430091498044e-18,0,0,1337.16099069616
Cell_137,2.53178448127923e-19,0.838304096823751,0,-3.93576245044358e-18,0.0107603385255004,0,1347.73128755037
Cell_138,2.53178448127923e-19,0.838304096823751,0,-3.93576245044358e-18,0.0107603385255004,0,1347.73128755037
Cell_139,0.0486288880319129,0.661343907404346,0.0160909163789991,0,0.117186144487999,0,1422.22783546222
Cell_140,0.280682575227992,0.61885930176488,0,-3.92866233921451e-18,0,0,1449.3776371197
Cell_141,-1.13731779044223e-17,0.607421696654645,0,-1.31258410560676e-17,0,0,1218.96045044344
Cell_142,1.73472347597681e-18,0.796887126121916,0.0517939609412711,1.50021541460537e-18,0,0,1326.50780451923
Cell_143,-1.8150015042862e-17,0.799491476855066,-2.01647975010922e-17,1.26167940082909e-17,0,0,1383.7136917661
Cell_144,-3.55536153542803e-19,0.743683079269674,0,-1.73472347597681e-18,0.0440891272124274,0,1429.66121071635
Cell_145,-1.8150015042862e-17,0.799491476855066,-2.01647975010922e-17,1.26167940082909e-17,0,0,1383.7136917661
Cell_146,0.174850543391877,0.518456586424776,0.0832466514987907,0,0.0853951096543667,0,1593.52805564033
Cell_147,1.20655626153678e-18,0.681748113491126,0.00239777318909511,0,0.146957802692919,0,1492.51682095865
Cell_148,0.0473582017485085,0.719104294373899,0.054349356805914,0,0.11127848229505,0,1475.15321411383
Cell_149,9.90060993713993e-19,0.652656438390558,0.00337545629697001,0,0.0995028053445066,0,1508.48475876408
Cell_150,0,0.654208576719463,0.0614971652883238,0.0405746366677757,0.115453256508899,0,1547.91942153462
Cell_151,0.280682575227992,0.61885930176488,0,-3.92866233921451e-18,0,0,1449.3776371197
Cell_152,0.103872464045317,0.698740194977875,0.0479272447774486,0.016792160462953,0.0172744072927013,0,1479.91353615179
Cell_153,-1.35692894935955e-17,0.539360865833209,0,0,0,0,1080.41061972364
Cell_154,-2.10379024366489e-17,0.704690843294567,-6.94727440236095e-18,1.23459125398956e-17,0,0,1426.10139223904
Cell_155,2.53178448127923e-19,0.838304096823751,0,-3.93576245044358e-18,0.0107603385255004,0,1347.73128755037
Cell_156,1.73472347597681e-18,0.796887126121916,0.0517939609412711,1.50021541460537e-18,0,0,1326.50780451923
Cell_157,0.0978998748431099,0.764046142349312,0,0,0,0,1358.17709692754
Cell_158,0.0473582017485085,0.719104294373899,0.054349356805914,0,0.11127848229505,0,1475.15321411383
Cell_159,-1.8150015042862e-17,0.799491476855066,-2.01647975010922e-17,1.26167940082909e-17,0,0,1383.7136917661
Cell_160,1.73472347597681e-18,0.796887126121916,0.0517939609412711,1.50021541460537e-18,0,0,1326.50780451923
Cell_161,0.0473582017485085,0.719104294373899,0.054349356805914,0,0.11127848229505,0,1475.15321411383
Cell_162,0.280682575227992,0.61885930176488,0,-3.92866233921451e-18,0,0,1449.3776371197
Cell_163,0.117026698135633,0.65192906297837,0.0201593506892107,0,0.0465021807395562,0,1557.30102119424
Cell_164,-4.43121065392964e-19,0.748189952282607,0,0.0142292764561739,0,0,1413.67226667139
Cell_165,0.103872464045317,0.698740194977875,0.0479272447774486,0.016792160462953,0.0172744072927013,0,1479.91353615179
Cell_166,0,0.654208576719463,0.0614971652883238,0.0405746366677757,0.115453256508899,0,1547.91942153462
Cell_167,-1.13731779044223e-17,0.607421696654645,0,-1.31258410560676e-17,0,0,1218.96045044344
Cell_168,0.0486288880319129,0.661343907404346,0.0160909163789991,0,0.117186144487999,0,1422.22783546222
Cell_169,-1.42262295236021e-18,0.655690963797927,-3.46944695195361e-18,0,6.93889390390723e-18,0,1401.17263054725
Cell_170,0,0.838767888659845,0.0126376723458148,0,0,0,1482.66228435972
Cell_171,0,0.654208576719463,0.0614971652883238,0.0405746366677757,0.115453256508899,0,1547.91942153462
Cell_172,-9.81909102054031e-18,0.731975596409384,-7.0470762826475e-18,9.48430091498044e-18,0,0,1337.16099069616
Cell_173,-3.55536153542803e-19,0.743683079269674,0,-1.73472347597681e-18,0.0440891272124274,0,1429.66121071635
Cell_174,0.213714423175296,0.634091854598776,0,0,0,0,1493.26567127639
Cell_175,0,0.707880824843975,0.0259452658942555,0.0125895637348471,0.0704431041911734,0,1500.63695571943
Cell_176,-1.13731779044223e-17,0.607421696654645,0,-1.31258410560676e-17,0,0,1218.96045044344
Cell_177,0,0.677863318226416,0,-2.65300324087815e-17,0,0,1405.59935231797
Cell_178,1.20655626153678e-18,0.681748113491126,0.00239777318909511,0,0.146957802692919,0,1492.51682095865
Cell_179,0.00186145940910555,0.767789502052171,0,-6.90982703553947e-18,0,0,1409.20244851243
Cell_180,-1.35692894935955e-17,0.539360865833209,0,0,0,0,1080.41061972364
Cell_181,0.0387853979965141,0.0179869352932063,0.780296755056349,0.0225130430592567,0.0503581011340796,0,1386.66421832542
Cell_182,0,0.0232516431323498,0.849304761229598,0.00232307881584709,0.0474764769791979,0,1388.05330375069
Cell_183,0.0394274056282933,0.0504644696834715,0.766001417477889,0.0480335597957223,0.0092641780086109,0,1471.52150773793
Cell_184,9.733882764262e-19,0.0848644698078161,0.814912503837534,0,0,0,1426.14215090585
Cell_185,0.0679829584649692,0.0809579408391436,0.742215352590271,0,0,0,1370.04874654847
Cell_186,0.0129803701065328,-6.19990157845958e-18,0.864996384574489,0.026012479052678,0,0,1473.84975697666
Cell_187,0.079845393092863,0.0774421317290623,0.685070502618298,0.060548462780973,0.0340140070437151,0,1428.32081894303
Cell_188,0,0.119431734313243,0.77276223104109,0,0,0,1412.3034857265
Cell_189,2.38756699968356e-19,0.0632159621015231,0.829407208685545,0,0,0,1515.85387740861
Cell_190,0.0330421940198837,0.0658129464350749,0.759849852934123,0,0.039912444348433,0,1505.54666317707
Cell_191,0,0.0505508011254125,0.805137766267875,0.00386442735313689,0.0397284616903883,0,1505.87988722492
Cell_192,0.0514851876007716,0.00988738811372727,0.739078734473812,0.0127609447312628,0.0739981287759825,0,1551.15063263843
Cell_193,0.116188258975646,1.75788644856118e-20,0.742440449758236,0.0275105049757784,0,0,1434.57468137518
Cell_194,0,0.170349923398569,0.7280237625411,-1.00951668684992e-18,0,0,1488.15753094782
Cell_195,0.0676330831050892,0.131198566617327,0.680496281116638,-6.48780351947913e-18,0,0,1468.72501516926
Cell_196,0.0761745118558488,0.094495539002125,0.70275898188138,0.00660206561533646,0.00954840384874852,0,1528.76986912571
Cell_197,0.010235263749695,0,0.886649863807045,0,0,0,1436.33467416719
Cell_198,0.00688004283325471,0.113756914773082,0.76627606782799,-1.73472347597681e-18,0.00124628337643848,0,1481.77227424328
Cell_199,0.0775754156587324,0.00291777495886337,0.774104734637641,0,0,0,1481.1980665053
Cell_200,0.0356743830615491,1.10286176630169e-17,0.853856017602369,0,8.68784192438653e-18,0,1483.45023426361
Cell_201,0.101955861734124,0.113487985575197,0.666016999962309,0,6.93889390390723e-18,0,1485.50954684569
Cell_202,0,0.131364200307291,0.769515882358595,0,0,0,1537.90317345534
Cell_203,0.081686400358874,0.0308152414019265,0.733962275516041,0.0186361828092528,0.00543832743403207,0,1491.83094750765
Cell_204,0.0139894086894286,0.129125259038726,0.738089527961297,0,1.73472347597681e-18,0,1504.6195391272
Cell_205,-1.73472347597681e-18,-5.68843369222904e-19,0.862668091313633,0.00638138825143328,0,0,1531.59953257187
Cell_206,0.00851289512835629,0.104171768121366,0.786391100670702,-1.10847799359196e-18,0,0,1537.92248027829
Cell_207,0.0378569425804739,0.102992144481736,0.652332379037112,0.0219565661578547,0.0794050788697204,0,1566.77224205211
Cell_208,0.12671973341273,5.21999772737974e-19,0.723377379488325,0,0.027286965755716,0,1529.936896388
Cell_209,0.0356880836114633,0,0.826964042860557,0.00667432809126583,0.00601337766902096,0,1510.48371972966
Cell_210,0.0324057737427872,0.181781469623594,0.658173746658643,-3.46944695195361e-18,0,0,1495.48953897068
Cell_211,2.42577160843115e-20,0.0727281859272025,0.799911289244625,0,0,0,1565.49930161689
Cell_212,3.01113414303399e-19,0.0556287345105037,0.819820104025525,-4.24327121956486e-19,0,0,1543.87958914981
Cell_213,0.0616234264113529,1.30448843246263e-21,0.80677352420322,0,0.00467103460763803,0,1542.23985644907
Cell_214,0.129040798449091,0,0.660073979078446,0.0500895530392705,0.0335808998428001,0,1604.00396900269
Cell_215,1.34301022991119e-19,0.0275854597267295,0.843433508432988,-1.79302256389185e-18,0,0,1548.47592357935
Cell_216,0.0788917064950113,1.42703738881504e-18,0.795354299297642,0,4.14986800520522e-19,0,1521.95362891035
Cell_217,0.0403809051422431,0.182434334676007,0.634941584249715,0,0,0,1502.5155967836
Cell_218,0.00780958931036579,0.0913704341081603,0.748813384631412,0.00477984426805046,0.0505788783148742,0,1547.59478059383
Cell_219,1.21221783853115e-18,0.00169593519731708,0.847662940447611,0,0,0,1495.01743413264
Cell_220,0.0244602896077458,0.0838768032980614,0.727515690750888,0.0182298535288042,0,0,1558.02340037518
Cell_221,7.9928769709221e-19,0.0517809838189151,0.816461134552985,0,0,0,1541.04284390043
Cell_222,-1.14329957527485e-18,0,0.85774277030135,-4.62258502650057e-18,0,0,1552.17840904437
Cell_223,0,0.0163001473025843,0.787204875978549,0.0268670265248164,0.0307606047434159,0,1620.26667766827
Cell_224,0.024353185336531,0.0144784089939447,0.803864292621112,0,0,0,1511.08974968405
Cell_225,0.0865870655349082,0.0417659986645435,0.684795050530917,0.0449796804724921,0.0123385561177057,0,1578.63388436365
Cell_226,1.09078450891695e-18,1.38627748218992e-17,0.462114604532466,1.32280819418269e-18,0,0,1236.91959415845
Cell_227,2.50405159174303e-17,0,0.538848145241547,-1.8160943719644e-17,-1.25878454597918e-17,0,1361.26081705125
Cell_228,4.11504647916151e-18,-1.90187432409343e-18,0.598218741447728,0,0,0,1433.52633711759
Cell_229,2.91945303411692e-18,0.0347193939866003,0.505644393965236,-5.05965784932613e-19,0,0,1312.89157427066
Cell_230,0,6.95912723190418e-18,0.523673948285157,-4.08705033643381e-18,5.9914517592582e-18,0,1358.39238458963
Cell_231,7.68946436041768e-19,0.0945082085201204,0.450851977369539,-1.9375527424708e-19,0,0,1284.85704136595
Cell_232,-7.53688172612964e-18,-1.38777878078145e-17,0.514746031791481,-9.76028225198843e-18,0,0,1277.96868402792
Cell_233,0,0.0263394250937836,0.547185831842664,-6.7314661182316e-18,0,0,1423.33168887965
Cell_234,0.0771252595510792,0,0.46700627758794,0,0,0,1347.69397147479
Cell_235,0,0.0304556830569527,0.525828646187227,0.0530153355136667,0,0,1462.54590545396
Cell_236,4.46884491857567e-18,3.14316894157689e-17,0.526780635020657,-1.43657923835654e-18,0,0,1322.7683162498
Cell_237,1.7187933921237e-18,0.024678482311145,0.496769316852349,-1.5508649611529e-18,0,0,1269.41776289012
Cell_238,0.00611213610675088,4.77401824042361e-19,0.518994366775454,0,0,0,1320.89272741969
Cell_239,8.52232383536166e-18,0,0.538335505467669,-5.05383460746809e-18,0.0164250437321753,0,1298.80860059623
Cell_240,1.20699833739317e-17,5.38641558413802e-19,0.52815119498471,-7.27417293786627e-18,0,0,1296.27083807738
Cell_241,2.61298757300209e-17,-3.19853134292707e-18,0.554909821329754,0,6.93889390390723e-18,0,1365.18636021009
Cell_242,-1.74112109622597e-18,-3.46944695195361e-18,0.558809884995851,-9.59878212478495e-18,0,0,1391.1079692918
Cell_243,0,0.0216735135850908,0.582130029165666,0,0,0,1454.65529840992
Cell_244,0.000469524860218175,0.0528243108518626,0.561068739523456,-4.80593181008262e-19,0,0,1454.37876857693
Cell_245,1.57118556471775e-18,0.0436061969990295,0.647194440541395,-2.64356346047259e-18,0,0,1560.71508850885
Cell_246,0,0.036935928055184,0.61842754425581,0.0109053331352224,0.0196891407812026,0,1575.06911560569
Cell_247,0,1.3280621675266e-17,0.57177574300351,-2.1129151695042e-17,0,0,1403.00059677644
Cell_248,5.4010856921946e-18,2.24921664567344e-18,0.592818838539484,-2.53345056155637e-18,0,0,1425.17403628849
Cell_249,-1.43051023662942e-21,0.0551230008651051,0.535598041511142,0.000353522986754996,0,0,1400.05625142984
Cell_250,2.94380025871424e-17,3.21378919545883e-18,0.6310122561746,0,3.05603764751415e-18,0,1512.16989600675
Cell_251,0,-3.85313223906615e-18,0.584590543496867,-4.96961436846929e-18,0,0,1450.50595973636
Cell_252,0.0145989423723585,0.0785526358353532,0.561464604739157,-1.56352943893267e-18,0,0,1498.87300495879
Cell_253,3.40720587276741e-18,0.0204512097653906,0.626190277370728,-2.76958548988322e-19,0,0,1536.94310551299
Cell_254,-2.94169915615573e-18,0,0.592185728346347,0,0,0,1436.32704432679
Cell_255,4.93876536771937e-18,0.0280745040818228,0.603457704161438,-9.77775900176838e-18,0,0,1519.8873915348
Cell_256,3.6666351216953e-18,0,0.572742281990777,-1.75798339299148e-17,-3.61735108969645e-18,0,1392.07614916865
Cell_257,6.90542899480677e-20,0.116341333933368,0.631705783954242,1.96128235446157e-19,0,0,1606.21436547868
Cell_258,1.46071870403233e-17,0.0883972422338392,0.538239866632093,-2.25802308618176e-20,0,0,1432.43906549935
Cell_259,9.70051787788147e-18,0,0.630349678812974,-6.42988673336474e-18,-3.99902297753113e-18,0,1513.5569359684
Cell_260,0.0653448125472032,0.0307983077446767,0.546910805120945,-5.53325673500508e-19,0,0,1536.41471086389
Cell_261,0.0151762573866621,0.0908278133365102,0.606797061510768,0,0.0300728317980666,0,1651.56737285867
Cell_262,3.71267815316151e-18,0.100792321372245,0.51080161948178,-1.52090176929589e-18,0,0,1397.1046831483
Cell_263,0.0499471378539136,0.0836638884022422,0.611572738509713,0,0.0557017589007758,0,1678.2927362892
Cell_264,3.94626041196172e-18,0.104773168354259,0.53142572092463,0,0.0249882568036763,0,1515.52169858282
Cell_265,3.26703059431949e-18,0,0.671776980610509,-1.56648700649924e-18,0.0321887131352075,0,1629.41671434728
Cell_266,8.30945953463259e-18,0,0.658687290263979,-5.64196061282175e-18,-4.0609014342756e-18,0,1515.8725930686
Cell_267,3.15897118235216e-18,0,0.656425029928294,0,0,0,1604.74107718831
Cell_268,0,0.00184471496807121,0.622373411121021,-3.98102661500621e-18,0,0,1505.29354404789
Cell_269,4.04217257805292e-18,1.63650131793087e-18,0.682412360960783,-1.70227648621361e-18,-3.46944695195361e-18,0,1568.57776305804
Cell_270,1.08988184275754e-17,5.92448549968592e-19,0.678380485299155,0,3.39028293290991e-19,0,1560.08493474955
Cell_271,0,0.0486710571805556,0.0567309430902254,0.647283126735247,0.204428886432465,0,1188.90423432454
Cell_272,0.0281784495779951,0.0610067365764123,0.068837750465544,0.463129450873536,0.363229269859593,0,1130.36335297705
Cell_273,0.0397218363614221,0.0413918792395655,0.093443452113441,0.595322543821006,0.187170057638049,0,1210.29457506321
Cell_274,0,0.0831592477350989,0.0963371823128082,0.561657750068189,0.22153640022005,0,1307.2930417984
Cell_275,0.00328232758403881,0.0938159704172155,0.0502160450417128,0.534464029284201,0.287154632918558,0,1279.1542799803
Cell_276,0.0829243617111512,0,0.110551318880432,0.610662104177451,0.144514348931325,0,1261.08864821737
Cell_277,0.0258996113768097,0.0487347329979832,0.052024922604643,0.685080585634162,0.140889054418346,0,1260.6533140266
Cell_278,0.0799626901071277,0.051035221676815,0.0604939858296123,0.496118124200744,0.258805751937757,0,1336.19572967733
Cell_279,0.0522614200647299,0.0406409431663332,0.0733844467622714,0.634095993523502,0.152787928030186,0,1266.97678059953
Cell_280,0.0700142522427715,0.022389455459501,0.0682877000168294,0.65297363508109,0.124610909717784,0,1321.02411373284
Cell_281,0.00704480018628562,0.116624241039355,0.0254591566793055,0.496372589772468,0.313891397084641,0,1299.85991791263
Cell_282,0.0168111979012353,0.0441874987338947,0.122524715488342,0.700442217753492,0.057821151727448,0,1334.25974847615
Cell_283,0.0960244224077751,0.058060015931988,0.074741352918997,0.430963909870292,0.292049154858238,0,1356.66925609664
Cell_284,0.0978546717719973,3.46944695195361e-18,0.0256059195039979,0.781486793358404,0.0231368980417386,0,1271.81539293712
Cell_285,0.0024902049455001,0.116559451384201,0.0872650796733871,0.465544195424335,0.2725763990518,0,1335.27696757142
Cell_286,0,0.152838609433483,0.0741882047598635,0.511893344177261,0.196438929360405,0,1279.84363140833
Cell_287,0,0.108327985332001,0.0271274180529255,0.534412543469309,0.280008605372562,0,1358.19133818998
Cell_288,0.0666525186264291,0.0563243622961269,0.039078939916471,0.536600155110394,0.259669916343938,0,1376.22349077408
Cell_289,0,0.0853628583761762,0.0979115322867466,0.559776757262068,0.194039288093898,0,1378.96949275076
Cell_290,0.14318368641512,0,0.128417046748596,0.521997358172188,0.142030802270626,0,1366.09259191144
Cell_291,0,0.0760792030034996,0.0626391605012604,0.658012793928658,0.121485756123046,0,1377.90204360301
Cell_292,0.0807697037289699,0.00635955699820378,0.0614963366984931,0.675011118641416,0.122102775380193,0,1325.88976735431
Cell_293,0.0736106672752751,0.0533669268802443,0.108372243069594,0.560869929273502,0.153048378358874,0,1355.1661312037
Cell_294,0.0272738588201156,0.0220260279562327,0.062427915742377,0.747191081554688,0.0716146473383586,0,1378.19186149812
Cell_295,0.0891564128184706,0.067395837231127,0.0847884840934885,0.471710086538322,0.240912513665484,0,1385.58150641395
Cell_296,0.0551439767629274,0.0686306576913112,0.0583709062237344,0.658243777454856,0.0894719558764582,0,1402.07575417809
Cell_297,0.03463738324172,0.0798680463092323,0.0132097634908082,0.648566951430926,0.160050738745946,0,1436.96265168321
Cell_298,0.0445816709466022,5.40746625499063e-19,-1.73472347597681e-18,0.613545508365781,0.270759748558831,0,1394.54752992334
Cell_299,0.0569171823693179,0,0.0622284213178574,0.798557244417138,0,0,1304.30871916825
Cell_300,0.0762371703733784,0,0.0277365080097829,0.628384219817456,0.205195724683856,0,1335.3507549051
Cell_301,0.036785599826147,0.0570265742650548,0.0382581661019102,0.673051641839291,0.127993818547388,0,1410.55045488046
Cell_302,0.0590979943423933,0.00573220906423814,0.10688961506849,0.584841414152402,0.186886856560424,0,1395.36998129571
Cell_303,0.0522172018335862,0.0191390146205773,0.107424721922925,0.676326498388569,0.0863187824610954,0,1369.03018320271
Cell_304,0.0518719364939536,0.0384353403935555,0.098035174305793,0.538129445586489,0.207490116043091,0,1452.38907422363
Cell_305,-8.99618875309974e-18,-5.94507862199755e-19,0,0.873063273942086,0,0,1354.28280454633
Cell_306,-1.38950222385378e-17,0,-9.57565973569532e-18,0.87215679820624,0,0,1316.10038324255
Cell_307,0,0.0832212175339668,0.0175187837623567,0.759997850520176,0.0726971959143558,0,1362.7252397482
Cell_308,-3.35473349117395e-18,0.0912477831890689,0,0.638329318998449,0.201997497342495,0,1388.70373945663
Cell_309,0,3.80126683294328e-18,0.028598246920879,0.868829787026805,0,0,1260.00048269032
Cell_310,0.0561051125693935,0.0616792944156484,0.0994388539158505,0.675355654435981,0.0496132426219285,0,1360.06262720951
Cell_311,0.00805064344937657,0.0521747881155245,0.0672066156701548,0.499418308647269,0.323550069648548,0,1454.94121228788
Cell_312,0.102618734752856,0,0.0707945305869298,0.604305713611219,0.149765556672627,0,1394.43360775323
Cell_313,0.0367800962358438,0.0312468932507018,0.0622854045615464,0.469034831808054,0.343197626512448,0,1413.49566297724
Cell_314,0.0780154299302126,0.0289297420470432,0.0843386964941502,0.703541225191142,0.0391885502608013,0,1414.20366076872
Cell_315,0,0.0285675777127467,0,0.751315508570897,0.146619351490203,0,1351.38989352608
Cell_316,-1.30783470707274e-17,0.0972753518068225,0,0.391456098772581,0.00201980187343877,0,1257.84120197236
Cell_317,-4.0531613709896e-17,-4.93202506946806e-18,0,0.473177453390426,0,0,1227.94990096524
Cell_318,-4.80673431167618e-17,-6.38506050544185e-18,0,0.487494069909753,0,0,1295.35517909585
Cell_319,0.117787334843177,-2.00556443026495e-19,0,0.287255330365816,0.0882328000293043,0,1309.51170063932
Cell_320,-6.35226019104664e-17,0,-4.12844983482495e-17,0.502960573820076,2.77555756156289e-17,0,1292.95435071582
Cell_321,-1.36418784728375e-17,6.93889390390723e-18,-1.04063072808206e-17,0.513584825731212,-2.77555756156289e-17,0,1297.17980648391
Cell_322,0,1.0716794792029e-18,-9.68029943574238e-19,0.438554844801995,0,0,1240.0270531218
Cell_323,-9.50356836188148e-19,0.191267067854204,0,0.342709356042164,0.0374798243122409,0,1409.44487824278
Cell_324,0,-2.41887175201165e-18,0,0.463150974665078,2.77555756156289e-17,0,1261.7139690279
Cell_325,1.76335850354828e-17,0,0,0.465889265112464,2.77555756156289e-17,0,1216.22182644105
Cell_326,0.0350946635777911,0,0.0197960785807497,0.460462427841858,0,0,1383.02383840831
Cell_327,-2.66168188809674e-19,-2.53882928775293e-18,0,0.383823471298042,0.107760492559046,0,1323.61165854487
Cell_328,-3.84778262558592e-17,-4.23749766975014e-18,0,0.504256215188329,0,0,1266.98123638505
Cell_329,-2.95068029872743e-17,0,-1.90442827017806e-17,0.482301371053367,0,0,1321.22086659382
Cell_330,-1.34221938082548e-17,0,-9.56311839052869e-18,0.465332851820979,0,0,1246.177751777
Cell_331,-7.71708882892187e-18,0,-5.86429939840365e-18,0.486167884305178,0,0,1341.6740280176
Cell_332,-4.85844871872696e-17,-6.92202496321066e-18,0,0.504579620719542,0,0,1295.50202813909
Cell_333,0,0.0818362415444866,0.0381065075000464,0.387087618047957,0.0480013705445047,0,1390.49525387626
Cell_334,3.34123652582429e-18,-1.57854672105497e-18,0,0.481668226028564,-2.77555756156289e-17,0,1319.47549849429
Cell_335,-5.27979005480034e-17,0,-3.42748600878156e-17,0.485100017082426,0,0,1256.54762834783
Cell_336,1.55886959823702e-17,0,0,0.511197729051624,0.0244849329870742,0,1401.93972403613
Cell_337,3.76046788418153e-18,-2.42911043766027e-18,0,0.502317709547717,0,0,1322.39403023913
Cell_338,-3.22290132390869e-20,0.0796362603527116,0.027646704996965,0.44868001622929,0,0,1410.01787779673
Cell_339,0,0.094349792830552,0.00539292015300583,0.317664858418579,0.140946218297552,0,1393.20511223988
Cell_340,5.44389481000457e-18,0.0440888053439668,0,0.456001799019462,0,0,1317.57856689902
Cell_341,-9.66766874521011e-19,0.0656037326064647,0,0.477207957839732,0,0,1350.75451827143
Cell_342,0,-8.15818333611661e-18,0,0.479808105681038,-2.77555756156289e-17,0,1273.66226736242
Cell_343,-9.45476236756217e-18,0.0311299618363483,0,0.384480489535885,0.102568828232131,0,1314.91502575416
Cell_344,-2.13745416728689e-17,0,-3.23247959673099e-17,0.473033210431883,-2.77555756156289e-17,0,1196.00698989099
Cell_345,0,0.0989154954528091,0,0.406127339399264,0,0,1307.06871962396
Cell_346,-3.64738414874966e-17,1.38777878078145e-17,-2.626245600066e-17,0.531522615369791,0,0,1318.12477072914
Cell_347,0,6.47369022416294e-18,0.0355336442126884,0.373498129315273,0.0871443541672631,0,1275.82997709143
Cell_348,-6.51926624266109e-17,-8.70211909097366e-18,0,0.500680930352727,0,0,1274.32416888624
Cell_349,0.0091574411349997,0.0999568701139031,0,0.388166114392129,0.0441337809824218,0,1337.87918879803
Cell_350,0,-1.40460565284851e-18,0.038392762862283,0.475891640576649,0,0,1371.26886112296
Cell_351,-2.53111360874993e-17,0,-1.75820686543068e-17,0.52106204900242,0,0,1368.56037021043
Cell_352,-1.60307141347161e-18,-1.44412009649983e-17,0,0.370110375009501,0.178774218186196,0,1412.17867005303
Cell_353,-4.21145380542941e-17,0,-2.77336383119305e-17,0.566979664141741,0,0,1443.87615304137
Cell_354,1.01466459211167e-17,0,0,0.530692788623397,0,0,1387.48115792126
Cell_355,0,0.0542135340441241,0,0.495843825875692,0.0204281649438517,0,1488.81067034018
Cell_356,-1.46399803807474e-17,0.0210119107799498,-1.9458916909895e-18,0.48749979408322,6.93889390390723e-18,0,1313.11107096327
Cell_357,0,0.0611651028608661,0.00578946415147855,0.430839580351022,0.0295252256348471,0,1356.30625752517
Cell_358,-7.2871862030175e-20,0.00167474886991015,0.0169739836878991,0.44500774560205,0,0,1234.37509384678
Cell_359,9.12561329231556e-19,0,0.0115685803619112,0.337866480787988,0.151306588109129,0,1290.66325087599
Cell_360,-3.41667896032055e-17,-3.16428856161337e-18,0,0.471882071419055,0,0,1235.28565073979
Cell_361,0.0109146592095566,0.0872917802478594,0.111093414306681,0.0153802834148546,0.705564711714389,0,1096.40099635893
Cell_362,0.00915718425947919,0.109492770555829,0.119861250360797,0.0784358355167543,0.64905576455176,0,1109.94103047986
Cell_363,0.0371864071350543,0.0861461320701937,0.0740606204025441,0.1106377544844,0.664403341804828,0,1144.68999302808
Cell_364,0,0.0612507995096596,0.0240129089402176,0.131364688795797,0.732395782737354,0,1044.56969855398
Cell_365,0.0315813771873805,0.0595873259167408,0.10715135262078,0.0595325334347233,0.691112870103904,0,1163.47349926682
Cell_366,0,0.180881818395985,0.102372320271586,0.0561530336556934,0.629700110388698,0,1176.57460411579
Cell_367,0.0644325436179548,0.0652490783125828,0.116590405137084,0.0882965679240447,0.619472345863062,0,1219.34068777385
Cell_368,0.0558953425914824,0.0889842803694724,0.115003692497141,0.0745238313684013,0.62049131193844,0,1203.45004701456
Cell_369,0.00603783640098587,0.082194336578336,0.0778149064274661,0.0282860048886632,0.709294691600521,0,1235.1962681945
Cell_370,0.123191369236359,0.0609927320622178,0.0766666046067198,0.0860752578439683,0.627305942204928,0,1193.7950435839
Cell_371,0.0415514261776174,0.030582466765492,0.121731700955797,0.0743137476671316,0.636021829287128,0,1282.58779558221
Cell_372,0,0.138815659989412,0.0268075285224982,0.213294813205675,0.586186663531885,0,1205.23961874542
Cell_373,0,0.118847821777344,0.0614595844192711,0.078877133558653,0.681561732221798,0,1276.67919888083
Cell_374,0,0.179651458046934,0.122975864826898,0.0673071522994476,0.578788181931802,0,1281.31099095809
Cell_375,0.0227147616814648,0.0988066177580296,0.109594784702079,0.0640159869489192,0.660476669887032,0,1232.11956077035
Cell_376,0,0.158939743753222,0.102755021995544,0.0198077858051987,0.635591446170488,0,1256.84916062083
Cell_377,0,0.0832879215410138,0.0810579385487468,0.105499942334777,0.669752348746914,0,1221.49430869892
Cell_378,0.0571052154460728,0.0328988121760058,0.144000040555452,0.15592690312197,0.563695257921683,0,1229.73153755203
Cell_379,0.0130733690951239,0.122704880191789,0.123978444070683,0.0315247031528435,0.635867925147201,0,1331.00716651721
Cell_380,0.00296656931534008,0.0825903404082718,0.131639319590554,0.0693584964393299,0.661885564645445,0,1256.63987002508
Cell_381,0.0405778042147519,0.104119518355224,0.0937940671058667,0.0977339438536156,0.63373492366065,0,1267.7648804036
Cell_382,0.0590407128312061,0.0748347261480906,0.067479420027986,0.105484355582433,0.640753327725273,0,1264.78019671328
Cell_383,0.0564094396357045,0.133726378769307,0.101318809564168,0.0917353028152581,0.56850565205005,0,1341.1508805051
Cell_384,0,0.0933982394070165,0.0547977463320859,0.0688214055008001,0.722457450089901,0,1265.17917571937
Cell_385,0.0612512126550112,0.166868182947934,0.0321588053667142,0.0624651311007537,0.613285780420033,0,1229.36950414414
Cell_386,0.0718923131213692,0.0433821678314915,0.109061561934629,0.0830410293939581,0.636385857391786,0,1302.78682837003
Cell_387,0.0126136074048875,0.118636053478503,0.0505930627180665,0.0981253613201186,0.675654559682229,0,1256.53827758965
Cell_388,-1.74020915892563e-18,0.0323124929794464,0,0.0677952823928641,0.799808418575371,0,1253.92400723278
Cell_389,0.00912918184453231,0.121344660014645,0.091329643329929,0.0832180776906867,0.647784493420611,0,1287.41508960522
Cell_390,0.060668875191581,0.057235340304549,0.127404912412124,0.0901239274037333,0.626913191504417,0,1280.86713908527
Cell_391,0,0.128758151130877,0.105489392031199,0.0534935842265455,0.649544601577259,0,1313.8701085653
Cell_392,0.0440683829322743,0.0971276476455552,0.0896312170361067,0.0381190783164787,0.669559689378384,0,1317.12342148639
Cell_393,0.0383947037915859,0.0846336979100612,0.0349456949475178,0.158318734389548,0.629167861029763,0,1316.95001301349
Cell_394,0.0401477396382538,0.087753794465189,0.00798995910291243,0.0816933243199421,0.710501306048275,0,1299.87393538412
Cell_395,0.106958477341361,0.0243382876130583,0.0747963032223845,0.116862213669468,0.621451492929793,0,1313.71937380766
Cell_396,0.0611103721222483,0.0957767508393542,0.122995223533683,0.12292256995489,0.550776722947654,0,1314.70585002195
Cell_397,0.0563827279215346,0.0364948866958827,0.107983331338034,0.125923397461925,0.638708708186388,0,1265.07087581567
Cell_398,0.0344438413018563,0.114285680517133,0.119107419580309,0.0600425152347889,0.62334056672382,0,1321.71346763398
Cell_399,0.0662189599530527,0.0782801136654585,0.14205418832058,0.0657574789079503,0.589229896569855,0,1299.73078944464
Cell_400,0.0276830469967307,0.143203482238427,0.122047267748625,0.0835020628840692,0.563929791894211,0,1335.76006203354
Cell_401,0,0.192577392339012,0.126074018767774,0.00950353680374215,0.620890062408792,0,1346.75048647937
Cell_402,0.103992035100798,0.0441737197750124,0.126444530688471,0.111199015862611,0.552628515381071,0,1317.54651943232
Cell_403,0,0.123354956664906,0.0312933882227273,0.122282359044396,0.659599953476968,0,1285.63525249567
Cell_404,0.0274547208484127,0.0660948361966189,0.0207277802517425,0.0401727714065228,0.766465925206107,0,1303.73087107671
Cell_405,0.0363280640391051,0.14646756145137,0.0713604510305555,0.104702734117935,0.597199630859411,0,1292.81593940325
Cell_406,1.05479988056676e-18,-3.46944695195361e-18,0.0470246417170119,2.44704064585277e-18,0.43898876625708,0,1289.21097162185
Cell_407,2.57115282367705e-17,-1.38777878078145e-17,0,0,0.452547780365342,0,1206.02021508058
Cell_408,0,-8.44281288517714e-18,-2.77555756156289e-17,0.0584582440454984,0.416293700096813,0,1301.37766030205
Cell_409,0.0287387017521396,0.00578963576379866,0.135757448676005,0.00425270360356386,0.375700851342373,0,1368.9160104962
Cell_410,0.0391331728438459,0.0735799694251515,0,2.84406148143429e-19,0.38030050135427,0,1320.48515979461
Cell_411,-1.90667497462986e-17,0,0,-1.38777878078145e-17,0.449444178622386,0,1190.90696842128
Cell_412,5.2299113578597e-19,1.56850921816875e-17,-1.03270959159151e-18,0,0.465188099407644,0,1175.85866133836
Cell_413,0,0.0624638379136352,0.0397554703088276,3.05716340782567e-17,0.3793392181653,0,1234.75822613094
Cell_414,3.50093800012395e-17,0,0,0,0.445311033067585,0,1156.85518093056
Cell_415,-5.19585192920897e-19,0.097754527597265,0,2.50506410456372e-19,0.433296202030794,0,1340.15163499186
Cell_416,3.83279123081601e-17,0,0,0,0.460229003975459,0,1203.13211496933
Cell_417,1.5668083682087e-17,0,0,0,0.507018706202111,0,1312.132050238
Cell_418,0,0.0414314780202445,0.000359986065235116,-1.14980067398992e-17,0.423162207104827,0,1249.40900473593
Cell_419,2.12303362839386e-17,-1.38777878078145e-17,0,0.0754732198304405,0.39661587060481,0,1286.15911963833
Cell_420,2.26579221873141e-17,0,0,0,0.486867020726247,0,1262.24993458128
Cell_421,1.46915146491145e-17,0,0,-1.56532233966911e-17,0.461149229260489,0,1235.20624766074
Cell_422,2.49162393871593e-18,0.114766173085479,0,1.59693240679409e-18,0.441389905380772,0,1370.07040537387
Cell_423,6.98839250827283e-18,0,-8.93621112131581e-18,-4.75028083075081e-17,0.454489409433581,0,1173.45107318925
Cell_424,1.11076830195204e-18,0.0498446009890392,0.0797872204868728,0,0.418149635001244,0,1315.66261964957
Cell_425,-8.1539226454901e-18,0.0451747515480701,0,2.889797611137e-18,0.446917610096999,0,1271.07689921197
Cell_426,7.38057412363021e-18,2.61429055826913e-18,-1.97084348076105e-18,0,0.461132861038683,0,1197.30426095695
Cell_427,0.0641009274109776,0.0154693795114396,0,0,0.495747403866076,0,1484.71702253898
Cell_428,1.9929623120206e-17,0,0,0.000378887591045075,0.472902583052749,0,1272.98459786627
Cell_429,0,0.0488981754415454,0.0263418579814462,2.37569568023436e-19,0.454501154570449,0,1336.12776243672
Cell_430,2.77892935075453e-17,0,0,0,0.522644184617114,0,1392.50635697117
Cell_431,0.0403451653216057,2.18810055189669e-18,0.0323148298890764,0,0.396203308861778,0,1242.89161721171
Cell_432,-1.54113396578658e-18,2.03274031002181e-18,-2.40260211925073e-18,0,0.471406648447104,0,1190.01204706788
Cell_433,0.08126527311375,0.0188043702937559,0.0126588148852709,0.022381334605762,0.398632087413525,0,1382.76116320814
Cell_434,2.85570662809827e-17,0,0,0,0.444862654698606,0,1155.80094552564
Cell_435,3.24831226308954e-17,0,0,0,0.512574663966643,0,1349.76185527468
Cell_436,3.37850726782476e-17,0,0,0,0.468425255705606,0,1172.91084351551
Cell_437,0,0.0930287413438875,-6.93889390390723e-18,1.74347787586213e-18,0.465705855164807,0,1380.78828290546
Cell_438,-1.6897401728172e-18,0.0661018566866526,0,5.47892948520584e-18,0.474430384871442,0,1333.62704177469
Cell_439,2.73829747367681e-18,0.0298776900094186,0.1031563515182,0,0.46908645090431,0,1477.98918149787
Cell_440,1.21345117423495e-18,0,0.00532967252002787,3.76457055272541e-18,0.458095358071168,0,1252.53685767943
Cell_441,4.73587569991966e-17,0,0,0,0.506948378381991,0,1306.21352366343
Cell_442,0,0.183473594079105,0.049321007012153,9.62790391800738e-19,0.330787736348871,0,1314.76726029714
Cell_443,0.000581403023257646,1.00872447704779e-18,0.121877183685724,0,0.411589323157246,0,1336.32234984056
Cell_444,0,1.13623113671778e-19,0.00687889551522775,1.96280946539679e-18,0.501827961550241,0,1269.85524198026
Cell_445,-7.84443395699374e-18,0.191388440604978,0,3.98192721937778e-18,0.403103150452099,0,1425.96625213167
Cell_446,5.23351024058934e-18,0,-7.67901649719995e-18,-1.74490079313874e-17,0.460669384295397,0,1185.44817559958
Cell_447,1.06530251520453e-18,0.0925907915911078,0.05343295116355,0,0.449828250092056,0,1483.68305855256
Cell_448,2.28001550795554e-17,0,-2.77555756156289e-17,0,0.54951765710015,0,1430.51422614791
Cell_449,0.0381201816456766,1.38016073700024e-18,0.102843174744053,0,0.435479275382374,0,1496.87364831624
Cell_450,-1.2589313118371e-17,0.0488325837091897,0,4.15029599479784e-18,0.527560391705225,0,1408.987151898
